y,x1,x2,x3,x4,x5,x6,x7,x8,x9,x10,x11,x12,x13,x14,x15,x16,x17,x18
74.4,88,7,0.09,2017.643131,98,154,67.3,9,98,4.68,98,0.1,24575.434,8246.07257135037,7.7,7.5,0.841,15.8
89,78,0,9.88,271.2545531,98,0,6.9,0,98,9.5,98,0.1,2277.53613,14162,0.7,0.5,0.837,16.8
79.7,91,0,9.96,579.7384368,93.1432652532295,2,59.8,0,99,9.2,99,0.1,4717.15571,5338871,0.9,0.8,0.878,17
66.9,224,4,2.81,0,97,53,38,4,98,5.82,98,0.1,101.846796685368,28.5005987415679,3.4,3.4,0.612,12.4
81.1,76,0,0.779900332936752,0,98,8,61.6,0,98,0.60046688007615,98,0.1,1922.681,135876,0.7,0.5,0.841,16.6
78.6,88,0,12.68,0,99,222,65.6,0,99,7.41,97,0.1,58.510964793691,111.002712665879,1.8,1.9,6.97800171329334,7.60345845274581
68.3,152,2,1.16503027078746,0,76,43,17.4,2,75,6.47852351649711,76,0.1,1161.76935,124977,1.9,11.1,0.603,12.5
55.3,37,53,6.15,100.8987451,84,240,26,82,83,5.28,84,5.5,1182.869227,1997495,6.1,6.2,0.48,9.7
69.3,199,0,4.52,72.800168,84,0,51.8,0,84,6.22,84,0.6,527.92,5437,3.5,3.4,0.678,11.5
82,63,1,10.3,10986.26527,92,190,64.4,1,92,9.2,92,0.1,62245.129,223424,0.6,0.6,0.927,19.8
62.8,274,2,2.79,56.431387,93,925,38.5,3,94,4.92,94,0.1,474.2133361,2397436,2.6,2.6,0.582,8.9
78.7,9,0,12.5,3979.057728,81,0,51.2,0,82,1.27,83,0.1,26351.37568,881957,1.7,1.9,0.847,16.1
74.6,153,0,1.42253009369345,0,94,0,61.2,0,95,2.15023344003807,95,0.1,13666.58336,1977527,2.2,2.1,0.828,16
69.9,29,3,3.1,400.1342971,94,0,47.8,4,93,7.61,94,0.3,2519.737387,5971535,2,1.9,0.628,12
58.4,252,25,0.36,49.73511396,21.9011865663614,18184,18.3,47,6,5.6,6,0.7,513.26227,1396861,12,11.9,0.397,5.7
67,19,13,2.12,60.18591771,88,722,17,15,87,5.64,88,0.3,882.491462,14537886,11,11.2,0.533,10.7
76,176,0,6.5,144.9850711,9,0,43,0,91,5.6,9,0.4,1953.9767,1334788,5.9,6.2,0.774,12.6
79.5,75,0,13.59,9797.552661,88.2067780137497,64,56.6,0,92,7.57,92,0.1,61388.17457,4398942,0.3,0.2,0.902,17.6
68.5,211,52,0.818099242037607,0,6,619,25.4,66,79,5.32969071668749,6,0.1,2878.33837,11716359,1,9.7,0.679,11.7
59.4,269,3,0.5,6.556583478,59.4,0,12.3,4,59.4,3.75,59.4,0.1,56.4249869,892531,12.1,12.2,0.47,9.8
52.8,35,5,2.47,24.65761755,57.0259049559558,298,18.5,8,61,5.84,57,4.1,321.481324,1293523,9.8,9.7,0,7.1
75,88,0,1.62,659.8499118,98,47,18.7,0,98,7.37,98,0.1,4428.522898,333,14.3,14.5,0.622,12
72.3,127,4,0.54,228.7838108,97,76,56.3,4,97,9.15,97,0.1,1889.213962,5396774,3.9,3.9,0.717,13.2
64.7,276,8,5.99,145.1022528,95,18,44.8,9,95,3.61,95,0.1,1658.31146,14858948,2.6,2.6,0.7,12.7
65.4,228,37,0.01,0,73,815,4.4,47,67,5.64,73,0.1,95.2062143271523,431.009384357635,13.7,13.5,0.5,9
68,155,2,0.01,28.14578503,77,47,17,2,76,1.48,77,0.1,1153.51578,1212814,1.9,11.1,0.612,12.5
76,116,0,12.06,2425.403891,97,51,59.4,0,96,7.7,96,0.1,15893.8656,443458,1.7,1.7,0.8,14.3
70,177,0,6.58,670.0920883,95,0,5.1,0,95,5.79,95,0.2,4852.223666,351694,3.4,3.4,0.705,12.8
56.5,449,46,7.6,782.5987144,74,5857,46.4,70,75,8.39,76,19,5888.6284,5255813.11,8.1,9.8,0.622,12.8
73.5,178,2,1.07753115625755,0,91,0,56.1,2,92,1.55023344003807,91,0.2,4127.11775,6312478,1.6,1.5,0.678,13.2
75.1,12,0,8.61,260.0043858,87,0,52.2,0,88,7.43,87,0.1,15384.8749,5128.24560765297,3.8,3.8,0.785,15.3
74.7,93,22,0.03,0,99,73,54.8,25,99,7.12,99,0.1,60.7250368063928,49.0005865223522,7.9,8.1,0.745,13.1
65,211,0,0.68,188.7108773,96,0,73.4,0,93,13.66,94,0.1,1357.632211,96311,0.2,0.1,0.574,11.8
77.9,12,1,4.26,708.6157966,95,0,56.2,1,99,1.79,95,0.1,5376.447622,1792.46644973473,3.4,3.2,0.771,17.1
60,339,73,0.01,92.88697859,78,2027,17.2,109,82,7.58,78,4.6,647.74741,3636796,5.8,5.8,0.477,10
69.4,166,0,0.447634365201139,0,78,0,69.4,0,71,0.2,72,0.1,75.2781044992514,0,0.2,0.2,0.637,11.7
68.5,186,0,0.99,229.6687488,99,0,47.2,0,99,5.8,99,0.1,1642.837974,539614,1.2,1.2,0.497,9.4
72,174,0,11.85,0,14,0,37.9,0,9,6.33,74,0.1,78.4411382172414,0,4.4,4.5,0.681,12.5
62.5,29,8,0.01,62.48419552,8,35,28.8,12,8,3.36,8,1.2,1364.283745,383239,8.3,8.1,0.491,7.8
78,174,0,6.7,1486.236406,92,0,44,0,91,5.78,92,0.4,19152.531,1341588,5.9,6.1,0.772,12.6
81.4,68,0,11.02,15515.75234,94,0,6.5,0,99,7.1,99,0.1,113751.85,54336,0.9,0.9,0.892,13.9
66.1,181,10,0.35,2.272404904,84,2,34.7,12,85,5.35,86,0.3,52.35956,7152385,3.8,3.8,0.586,10.9
79.9,77,0,9.51,3682.88717,95,1,62.4,0,99,9.76,99,0.1,31997.2821,1177841,0.8,0.7,0.853,15.9
76.6,122,31,5.26,168.173753,84,3,62.8,36,87,6.3,87,0.1,1452.27766,1242216,1.6,1.5,0.754,13.1
73,13,9,0.05,832.3688708,95,1208,58.5,11,95,4.2,95,0.1,9567.458285,3595.46904718181,7.2,7.3,0.747,12.2
61.3,251,2,0.17,56.98952474,83,1,21.1,2,84,3.82,83,0.1,778.5454199,673252,7.2,7,0.465,10.3
72.8,135,9,1.25,91.70356833,8,538,45.3,11,86,4.94,84,0.1,1263.13455,178791,6.6,6.5,0.596,10.2
72.7,174,0,0.01,177.2633961,99,0,34.8,0,98,4.8,98,0.1,12845.17363,8833,5.7,6.1,0.755,13.5
69.3,198,9,3.93,0,95,0,49.9,11,95,5.49,95,0.2,92.6737581503716,5.49986558862762,1.2,1.1,0.649,13.8
72.9,189,0,11.64,0,21,0,55.2,0,98,5.15,99,0.2,91.0918113756163,0,2.7,2.6,0.779,12.1
76.3,123,33,5.29,112.696486,99,0,61.5,38,99,6.21,99,0.1,982.532572,1282837,1.6,1.5,0.748,12.7
71.8,134,0,4.26,3.349816965,93,0,24.3,0,95,4.86,95,0.8,248.13459,474567,8.5,8.5,0.582,11.2
73.5,127,9,0.92,116.2585943,83,375,47.6,10,83,4.11,8,0.1,1577.457182,18294611,6.5,6.3,0.624,11
78.2,84,1,8.48,122.1823517,89,56,57.4,1,89,7.6,89,0.1,1242.95373,18588,0.9,0.8,0.794,13.9
73.8,132,3,0.47,438.4519214,97,334,33.4,4,97,3.47,97,0.1,8513.629541,2711169,8.5,8.3,0.747,12.5
73.7,14,10,4.72,69.43934508,93,0,52.2,12,92,5.3,93,0.2,522.493191,29373646,1.1,1.1,0.708,13.3
67.2,229,4,2.77,0,94,40,39,4,94,6.87,94,0.1,102.163461186406,22.0004398917641,3.3,3.4,0.618,12.6
73.9,147,3,0.01,561.7684701,87,0,49.4,3,83,9.81,87,0.2,4712.822736,6552584,2,1.9,0.688,12.3
56.7,32,11,4.05,15.79934152,40.8917215262697,20,22.4,15,66,1.9,6,3,178.92799,3375838,8.1,8.1,0.377,10
54.1,441,32,1.23,13.77617463,97,26,18,50,97,11.67,97,11.2,512.125451,15627618,6.7,6.6,0.444,10.6
61,288,17,7.11,9.165614959,97,5,17.7,25,93,7.2,97,2.8,539.1538211,9977446,6.6,6.4,0.447,10.2
52.1,412,59,4.71,7.177302132,66.3326259531555,358,22.8,94,72,4.73,73,7.5,93.211716,1695981,7,7.1,0.455,8.2
59.4,34,7,1.07,5.064688968,96,19,13.9,9,96,2.97,96,1.6,276.75896,39697,9.4,9.5,0,5.4
72.9,141,1,4.01,244.5352767,78,137,49.2,1,87,4.58,87,0.1,2158.299,29585,2,2.1,0.692,11.2
65.8,21,0,4.13,11.13608747,98,0,26.2,0,99,6.65,98,0.9,199.57146,17813,6.3,6.2,0.533,10.1
75.6,16,1,0.56,129.2260751,99,3,51.8,1,99,2.74,99,0.1,1928.74739,644.243382198724,6.9,6.8,0.797,13.5
69.5,189,0,6.12,1187.949491,95,0,37.6,0,95,5.31,95,0.5,12323.1275,1296934,6.3,6.7,0.745,12.3
49.4,566,4,2.75,104.3144732,91,0,29.2,6,89,9.8,91,18.2,923.136931,21929,7.6,7.4,0.453,10.8
58,399,25,6.39,10.66670728,95,0,3.8,36,95,6.88,95,6.8,111.227396,155456,6.2,6,0.488,10.4
71.8,157,0,1.35,330.1007394,91,4,66.2,0,91,5.66,89,0.1,1837.977391,98611,0.1,0.1,0.674,13.2
58.9,296,41,1.5,78.71123825,84,435,22.4,62,85,4.51,84,3.1,498.172394,215429,8.1,8.1,0.499,8.1
71.9,155,0,1.51,310.8203382,88,0,67,0,85,5.3,84,0.1,1842.44421,99184,0.1,0.1,0.679,13.5
73.9,114,4,0.4,546.6235156,98,120,64,4,98,7.23,98,0.1,3992.86717,8413464,3.9,3.9,0.737,13.1
59.7,272,9,3.64,41.91052416,47,2200,24.5,13,71,11.87,7,1.8,327.42597,3948125,7.4,7.2,0.403,9.6
73.3,165,1,3.67,192.3226305,98,0,45.4,1,97,4.8,98,2.3,3719.97351,2728777,1.9,1.8,0.689,11.1
81,71,3,10.37,0,90.7515913753996,133,66,4,95,9.12,95,0.1,52.5010459598363,68.5015762788215,0.8,0.5,6.74094232673312,7.12026772931898
72.4,158,0,8.42,146.4384488,99,0,43.1,0,99,6.24,99,0.1,7395.88125,2465.27162434291,3.8,3.8,0,15.6
75.9,17,0,0.01,726.0291764,87,0,61.3,0,91,6.42,91,0.1,7378.345289,62181,1.8,1.9,0.803,15.1
81.1,72,2,9.34,0,99,42,3,2,98,6.83,99,0.1,54.0823048693751,22.0004887686268,1.5,1,5.60927099314202,6.02544161557318
76.1,97,0,4.75,645.021302,9,22,52.6,0,9,9.64,9,0.1,4697.89732,3746561,2.7,2.7,0.716,13.3
71.6,189,14,6.17,301.3597791,96,4165,21.7,16,98,3.51,98,0.5,2659.83918,652231,9,9.2,0.674,11.9
69.6,139,0,1.83,300.1621026,96,20,15.2,0,98,8,98,0.1,2182.99711,286,14.8,14.8,0.577,11.3
72.5,146,0,2.05,568.8692813,87,0,7.8,0,88,5.82,87,0.1,2932.315883,12357,0.1,0.1,0.698,14.5
72.8,126,28,1.29,103.523776,82,34,58.5,34,9,5.81,9,0.1,834.869161,6876345,5,4.8,0.687,11.9
79.4,72,1,9.69,6577.508136,90.9626012022595,4,55.8,1,96,9.6,96,0.1,41577.169,16319868,1,1,0.888,16.4
78.2,75,0,5.73,1552.740429,89.9019096504795,7,63.4,0,95,7.86,95,0.1,11843.9392,395969,0.7,0.7,0.786,13.8
67.7,221,0,2.05,31.25834616,98,0,5.2,0,91,3.87,9,0.1,276.1338,811223,4.3,4,0.681,13.1
75.7,13,36,5.27,881.7364327,95,0,59.4,42,95,6.6,95,0.1,7748.12331,11555228,1.7,1.6,0.738,12.5
57.3,296,3,2.51,0,95,0,2.3,6,88,4.35,87,2.9,121.143297174235,2.99992668470597,9.4,9.3,0.404,7.6
69.1,185,17,0.01,19.1624696,99,0,43,19,99,6.32,99,0.1,197.551233,32432,3,3.1,0.681,12
56.5,412,2,0.01,720.2333929,95,0,3.7,3,92,8.76,95,12.2,3851.51547,1248158,4.8,4.9,0.534,11.3
57.1,263,51,0.11,5.665405066,71,801,16.9,99,71,6.98,71,1.1,341.2894618,15813913,11,1.8,0.307,4.2
63.8,224,0,5.78,9.013493879,7,0,22.8,0,99,9.94,96,1.6,693.345683,151969,7.2,7.2,0.509,9.8
75.3,144,2,10.9,14.3042452,98,40,56.6,3,99,6.28,99,0.1,1126.31852,381256,2.2,2.4,0.808,15
58.1,326,2,1.18,106.0354659,62.2095992224898,71,29.8,2,64,6.76,64,4,864.184726,77752,6,5.9,0.388,3.7
76.2,92,0,0.16,179.7147814,99,9,31.2,0,93,2.62,94,0.1,2612.13345,873.703422270476,6.4,5.9,0.834,14.1
65.6,217,7,2.55,490.4181326,97,0,45,8,97,1.98,97,0.1,5649.978486,517461,3.2,3.3,0.665,10.6
62.2,263,1,0.52,217.2125786,81,709,33.2,2,81,8.95,81,1.9,1536.15685,881185,5.6,5.5,0.46,6.3
56.5,285,25,1.13,7.106997355,7,210,2.5,39,73,4.73,7,2.1,61.799977,7982225,8.7,8.6,0.43,8.5
62.5,282,1,0.29,151.9755193,83,27,14.9,1,89,7.75,86,0.1,885.6382245,66399,18.6,19.4,0,8
69,371,43,7.34,978.5905287,7,25,49.5,54,73,8.78,73,4.5,6876.953821,53311955.61,5.4,6.5,0.652,12.8
48.5,47,563,9.76,57.22555815,40.9546641212901,31521,18.8,907,43,4.33,33,5.4,648.815852,135393616,13.2,13.2,0.445,8.5
68.9,219,4,2.88,332.1056586,75,2,46.2,4,94,8.2,92,0.4,2338.772244,595962,2.1,2,0.615,11.6
56.6,298,3,2.08,0,92,32,19.1,6,86,3.75,87,2.5,121.775938311094,19.0003176996074,9.8,9.8,0.392,7
82.3,57,0,10.01,2198.590865,91.4711933478036,77,55.4,0,96,11.7,95,0.1,74276.71842,782499,0.5,0.4,0.92,15.4
75.9,114,0,13.19,0,99,0,61.3,0,96,6.93,97,0.1,66.7352995728557,0,2.1,2.1,6.99589898093829,7.63954582083515
64.2,179,365,0.03,40.36829999,78,7641,19.5,458,77,3.4,78,0.1,873.772727,15793993,21,21.5,0.501,6.5
78.9,63,0,11.56,1958.525877,93,0,56.3,0,97,6.5,97,0.1,31386.63265,163712,0.9,1,0.836,13.5
49,43,93,1.14,47.17250718,39.9018527955074,7375,16.5,136,69,6.16,7,12.2,277.6486591,1867687,4.2,4.1,0.291,5.4
74.3,84,1,0.01,2957.973963,98,27,69.5,1,98,2.57,98,0.1,51264.7134,17097.4180225384,3.4,3.3,0.794,13.2
74.3,154,9,6.56,801.0504655,98,5197,3.1,11,99,4.17,99,0.1,5859.915622,67843979,8,8.1,0.729,13.7
72.7,16,422,2.91,106.3590358,7,58341,21.9,511,86,4.79,86,0.1,1148.5857,1284,5.5,4.9,0.6,9.7
82.6,67,3,7.29,6599.995239,93.0016436271056,0,25.4,4,97,8.25,98,0.1,35275.22843,1281,1.8,1.5,0.877,15
49.9,443,61,2.58,0,76,5,23.2,87,75,6.35,76,5.3,164.163840295308,45.998998024315,6.8,6.7,4.69701949728487,5.20693551319309
75.9,113,0,11.83,1555.651986,89.9004990461095,1,58.1,0,96,6.95,96,0.1,11363.41845,444,1.8,1.8,0.783,13.9
78.1,11,1,4.01,818.8771016,96,0,56.9,1,99,11.78,96,0.1,5484.7763,1828.57568498996,3.4,3.2,0.782,17.7
63.4,231,7,2.88,179.6156482,97,1,39.4,8,66,3.85,83,0.1,1283.885977,4655741,3.5,3.4,0,10.3
64,221,7,2.35,106.180706,85.2677025882652,9,38.1,9,94,3.87,95,0.1,774.4763388,45648,3.6,3.5,0,10.2
75,92,231,5.75,5.660754839,99,38159,28.1,268,99,4.89,99,0.1,456.512487,133775,4.2,3.6,0.691,12.5
72.2,139,26,0.02,0,98,220,49.4,30,99,5.95,98,0.1,74.9595483688684,125.002321650977,7.4,7.7,0.692,11.4
74,168,55,0.22,0,96,26,57.8,64,96,5.4,96,0.1,83.5003756827666,44.9995356698045,2.9,2.9,0.671,12.4
72.9,112,4,1.21,264.7842196,94,47,48.1,5,97,5.4,97,0.1,2213.91488,9699197,6.6,6.5,0.646,12.8
74,179,0,6.5,1389.772683,9,0,42,0,91,5.29,9,0.4,16683.94578,13281,5.9,6.3,0.772,12.5
49.6,365,78,7.8,191.6537407,77,1190,2.4,121,81,3.39,77,2.5,3529.53482,23369131,9.1,9,0.488,9
61.6,257,39,0.01,151.899429,92,1613,26.7,56,91,4.79,92,0.9,1629.8222,2573349,6.7,6.6,0.563,11.2
71.6,135,0,0.01,447.545645,64,0,51.7,0,65,3.92,64,0.1,3167.34356,253142,1.5,1.4,0.591,10.8
76.6,118,0,6.67,1871.736563,95,0,6.7,1,95,8.78,95,0.1,9415.17386,3362755,1.5,1.5,0.774,15.5
75.9,81,0,1.76,1077.712092,98,0,2.3,0,98,9.3,98,0.1,5828.621374,362,14.2,14.3,0.641,11.8
73.1,167,10,6.89,0,6,2392,54.7,12,81,4.93,65,0.1,73.3807829707394,1202.0290817333,1.7,1.7,0.684,11
81,76,2,8,6333.177967,14,6,61.3,2,93,9.57,93,0.1,36189.58838,32312,0.5,0.4,0.886,15.8
45.6,58,17,1.47,31.5941587,43.8353186425721,938,17.2,25,42,4.16,44,13.4,253.768343,397612,1.2,1.2,0.315,5.4
73.7,127,7,0.78,0,84,26,52.3,9,83,3.28,8,0.1,42.7025888727541,2118834,6.4,6.1,0.65,11.7
61,296,2,8.87,218.1727473,49.5302172565665,15,28.1,3,44,2.89,45,9.5,4116.46693,1231122,8,7.8,0.637,12.2
81,84,2,7.2,2442.222054,9,0,62.5,2,9,7.53,91,0.1,15941.39722,17462982,0.8,0.8,0.831,15.6
72.4,142,17,4.22,302.5359058,28.2392219142617,0,46.1,22,9,4.98,9,0.5,1981.243653,26261363,1.4,1.4,0.677,13.4
76.4,94,0,14.07,3794.581463,83.0868055145597,0,51.5,0,86,6.3,86,0.1,26241.91883,385174,0.3,0.3,0.848,16.2
76.9,92,0,4.64,7.959131146,88,10,53.7,0,89,9.71,88,0.1,55.156834,3688865,2.6,2.5,0.711,13.4
73.4,135,3,0.46,297.5913833,96,1407,3.7,4,96,3.29,96,0.1,5593.822995,25659393,9,8.8,0.734,12.9
59.8,37,2,9.29,183.6980778,49.1660679458864,5129,28.7,3,44,3.23,45,10.1,3976.14887,1262259,7.8,7.7,0.633,12.3
74.2,14,3,1.37,379.5139945,97,15,52.2,4,98,5.57,98,0.1,3194.562243,112482,6.4,6.3,0.683,13.9
57,352,46,0.01,0,40.2829862136007,3571,18.2,75,33,4.75032245694024,33,0.8,121.780581401305,1823.04271837799,7.9,7.7,0.381809237633082,3.54274654836361
74.2,125,0,4.98,678.5188944,9,0,57.2,0,92,6.74,92,0.1,5957.145693,615875,2.1,2.2,0.762,13.6
72.4,15,16,4.25,417.8038898,92,0,49,19,92,5.92,92,0.1,2246.257472,42152151,2.5,2.2,0.659,11.6
81.7,65,0,11.12,16255.16198,94,0,6.9,0,99,6.94,99,0.1,119172.7418,556319,1,0.9,0.892,13.9
79.3,99,3,13.49,4572.441963,28,0,56.4,4,96,1.43,97,0.1,29691.18158,62244884,0.6,0.6,0.852,15.4
71.6,145,20,0.36,148.5119843,81.6302082718396,5862,46.1,23,86,3.73,86,0.1,1774.33673,3199546,6.3,6.2,0.653,11.1
57.5,36,89,4.19,0,91,167,2.7,131,94,5.3,91,4.6,40.1648877236975,149.000439891764,7.1,7.1,4.69119056312185,5.43811997773953
52,46,106,3.37,0,89,5131,16.8,166,91,3.59,89,12.1,42.6956242374369,2648.56066840581,8,8,6.17168128695898,4.75115162301072
57.3,397,51,7.3,45.96380839,73,1459,4.1,73,71,8.7,73,21.3,337.2253,44896856,16.3,19.1,0.635,13
79.5,87,0,10.32,3187.496219,90.9929469781495,2,57,0,96,9.7,96,0.1,23437.4722,248583,1.6,1.6,0.872,16.9
71.2,142,31,0.01,0,99,9554,46.2,37,99,5.39,99,0.1,76.2247446594339,4795.61629027554,7.6,7.7,0.674,11.9
74.8,112,19,1.54,20.75120211,97,349,63.7,22,97,5.24,97,0.1,1172.3843,74569867,4.9,4.7,0.75,14.3
74.5,14,1,1.67,243.7539129,92,30,55,1,94,2.48,94,0.1,3161.52935,1064.16727451881,5.3,5.1,0.798,12
48.9,38,31,0,0,48.9,0,23.1620884134384,50,48.9,0,48.9,2.7,17.5793939580774,67656,0,0,0,0
75.8,122,1,5.53,623.9100503,92,0,5.3,2,88,7.48,92,0.1,4916.54886,333465,2.1,2.1,0.74,12.9
68.6,151,154,0.01,46.36536703,95,2924,13.5,201,96,2.8,94,0.1,541.651484,147139191,19.5,2.1,0.513,8.6
73.8,132,1,9.3,772.8700353,99,201,55.1,1,93,1.2,94,0.1,5458.121718,7381579,2.4,2.4,0.743,13.5
63,275,41,1.78,161.0106435,93,82,24.2,61,92,4.85,93,2.2,1224.41554,2329864,7.5,7.4,0.53,9.8
79.6,95,1,1.17583114917379,0,92,0,6.5,1,92,1.7,92,0.1,1146.36273,487852,1.7,1.7,0.775,14.2
75.1,85,21,0.01,0,98,332,56,24,99,6.98,99,0.1,58.1944722589575,178.003763518427,8,8.2,0.755,13.6
58.2,288,3,2.93,0,95,0,21.5,6,94,5.52,95,3,121.142609309019,2.99992668470597,9,8.9,0.415,8.1
64,267,38,0.81,23.72796328,71,35558,15.4,58,74,4.89,78,0.6,245.1235876,1782997,8.2,8.1,0.466,8.7
72.5,177,13,6.26,321.1953005,96,3526,22.6,15,98,3.55,98,0.5,2893.651356,6542547,8.9,9.1,0.682,12
58.1,278,14,5.16,0,55.105191403194,332,12.3,20,57,3.41,51,0.1,104.065081872521,176.003812395289,1.5,1.5,0.459,8
81.7,61,1,2.63,409.4109292,97,23,63,1,95,7.36,95,0.1,3661.994,76236,1.2,1.1,0.878,15.7
72.8,128,0,2.53,0,89.2848868793533,19,53.6,0,97,9.1,96,0.1,70.8475529455901,9.50023216509775,2.7,2.7,0,11.9
83,75,2,9.31,0,94,2,28.6,2,92,6.16,94,0.1,53.4500936482766,2,1.5,1,5.37353328046848,5.75352265885974
65.6,199,16,2.24,53.10009046,91,4211,15.3,18,91,5.55,91,0.7,745.7877873,138859,11.2,11.4,0.511,10.5
77,89,0,14.27,4264.579203,81.8757956876998,241,52.2,0,84,6.6,84,0.1,28223.55528,3866243,0.3,0.3,0.857,16.4
79.7,79,0,10.47,10251.10872,87.5709273244297,84,57.4,0,91,1.87,91,0.1,61753.667,557572,1.1,0.9,0.91,16.9
61.1,349,2,5.99,547.0386679,95,853,35.2,3,96,5.64,95,6.2,6346.15624,214866,8,7.8,0.669,12.3
73.4,169,0,15.19,2211.744178,94,11,61.9,0,93,6.55,93,0.1,16554.97139,2932367,2.6,2.7,0.841,16.5
78.1,96,0,13.2,3557.455507,33,0,5.1,0,71,1.6,81,0.1,24517.26745,811566,1.7,1.9,0.833,15.4
76.8,125,2,10.81,230.040097,97,71,59.7,2,95,6.62,99,0.1,13145.1484,3863164,2,2.1,0.834,15.3
72.5,169,10,8.05,0,53,115,54.1,12,87,5.21,7,0.1,55.671818161512,63.5012585792141,1.8,1.7,0.672,10.4
72.8,159,0,6.93,0,96,0,51.2,0,96,8.48,96,0.1,80.6534905669019,0,3.5,3.5,0.713,13.3
74.5,128,1,5.91,180.3787034,96,7872,54.4,1,94,7.25,93,0.1,4274.376857,3776,2.7,2.8,0.755,13.5
72.4,124,0,4.16,360.6208825,98,0,26.2,0,99,3.96,99,0.4,3638.95946,491723,7.8,7.8,0.615,12.2
72.1,162,0,8.92,754.9597129,99,0,42.4,0,99,5.76,99,0.1,7946.944346,2648.95767443888,3.8,3.9,0,15.4
75,127,49,4.77,12.1859723,97,0,54.1,58,98,5.52,97,0.1,716.8219,1435568,1.9,1.8,0.703,11.6
52.6,378,24,5.72,11.22655347,83,2,13.8,38,76,7.1,83,4.8,127.4296648,7182451,8.4,8.4,0.279,5.2
73.5,132,1,3.99,44.57219966,85,1,49.7,1,9,4.31,88,0.1,3138.8873,293356,2,2.1,0.707,11.7
62.5,237,2,0.01,78.39008571,89,1,22.6,2,85,7.11,86,0.8,788.632653,723868,6.9,6.7,0.484,10.8
73.3,14,19,0.54,22.0945504,98,982,54.6,22,98,5.99,99,0.1,339.91616,32858823,6.3,6.2,0.612,11.2
78.8,16,24,8.82,0,9,55,68,28,93,17.2,94,0.1,34.7871801109413,41.5003299188231,0.7,0.6,8.91200241667859,9.79819909425482
67.6,256,6,4.89,115.738974,48,7587,55.4,7,99,6.25,99,0.9,879.475486,48225,2.9,3,0.683,13.9
73,117,0,0.01,414.0242418,97,0,3.5,0,95,4.76,95,0.2,3529.61843,526437,6.8,6.7,0.643,13.5
61,229,7,0.01,28.782245,70.7515913753996,1398,21.7,12,75,4.34,75,1.2,464.229758,279729,1.7,1.5,0.444,6.5
70,144,30,0.2,0,67,726,49.5,37,83,3.42521391473361,8,0.1,48.0800385360541,23565413,5.6,5.4,0.603,8.6
88,66,2,8.65,4506.255963,96,135,58.2,2,97,8.71,95,0.1,31959.26215,57969484,0.5,0.5,0.851,15.8
45.7,51,17,1.49,46.11619441,45.6301842559281,652,17.5,26,44,4.31,47,12.8,286.25819,3981665,1,1.1,0.316,5.6
99,99,0,4.13096667267128,344.6906308,99,0,83.3,0,99,9.27,99,0.1,1932.12237,292,0.1,0.1,0.779,14.2
73.3,15,1,3.73,104.5169157,96,16,46.9,1,98,6.3,98,0.1,1453.642777,3511,2,2.1,0.67,10.7
72.5,146,0,3.97,47.35260547,12,0,71.4,0,54,4.52,26,0.1,359.82223,183526,0.2,0.2,0.688,12.9
73,121,2,2.76,57.10318825,61,35,46.5,2,83,7.82,87,0.1,733.974142,43864,3,3.1,0.673,11.7
73.2,17,1,1.98,70.13207838,77,36,59.1,1,77,1.5,77,0.1,5436.595223,3522837,4.8,4.7,0,15.2
65.1,172,372,0.04,0.66751505,82,4321,21.9,461,82,3.2,82,0.1,14.142268,1756182,2.2,2.7,0.521,7.5
62.1,253,37,0.01,97.67794571,98,124,28,54,93,3.56,98,0.8,1432.227943,26962563,6.4,6.3,0.576,11.7
81,75,0,9.49,6761.288966,9,0,63.8,0,89,1.7,89,0.1,31287.77865,10429.1659488944,0.3,0.3,0.894,19.5
63.2,235,61,0.01,220.522192,92,8523,25.7110530195646,89,92,8.2,92,0.3,1892.894352,3599192,4.54064324929135,4.54595134685955,0.468,6.8
71,194,4,3.81,36.81621175,79,0,45.7,4,8,6.13,79,0.3,191.55157,53973,2.1,2,0.587,11
74.5,92,0,2.15,167.7270642,97,6,54.5,0,97,3.51,97,0.1,13636.34668,4547.40815643473,6.2,6,0.786,13.2
71.8,123,21,0.51,171.3658969,97,1455,51.7,24,99,5.41,99,0.1,2884.94776,31596855,6.4,6.3,0.589,10.3
81,54,0,9.04,212.0859259,96,0,59.2,0,99,7.46,99,0.1,2797.96736,1143896,0.9,1,0.85,13.8
52.3,375,513,8.75,187.5733187,46,18843,22.8,802,48,3.69,48,4.7,2527.9423,16287776,11,1.9,0.5,9.6
76,127,28,6.53750140446268,0,97,256,17.5,35,97,14.3492996798858,97,0.1,70.8474669624381,145.502700446663,14.2,14.5,0.678,12.6
75,85,0,2.16,1214.558167,98,12,55.2,0,97,3.74,97,0.1,14221.99259,4744.62176559071,6.1,5.9,0.798,13.7
46.4,693,2,5.51,299.3671252,9,59,31.6,4,96,4.65,96,31.9,4163.6596,184339,1.9,1.8,0.567,11.8
74.6,142,3,2.56,41.62053588,99,2107,21.9,3,99,3.68,99,0.1,361.289374,2585,15.2,15.1,0.757,13.8
78,218,0,0.01,5.34809451,88.4481336164996,9,54,0,93,5.28,93,0.1,47.32827,1396985,2.5,2.5,0.764,14.4
64.4,284,8,5.75,12.60883976,95,94,44.4,10,95,3.47,95,0.1,149.926751,14858335,2.6,2.7,0.685,12.3
72.9,154,3,10.6,919.1673438,99,353,55,3,96,5.21,96,0.1,8214.185378,2882982,3.2,3.6,0.766,14.1
58.8,272,238,0.01,0,74,88381,2.6,314,74,3.89,74,1.2,109.440553923324,44348.5761096665,9.9,9.6,1.68593480917,4.21003048737892
44.3,723,27,4.36,0,68,31,27.1,42,67,7.13,65,33.6,454.366654,12777511,9.4,9.4,0.407,9.2
73.5,134,0,0.01,57.12190146,73.5,0,55,0,73.5,8.45,73.5,0.1,338.199535,613353,2.3,2.4,0.74,12.6
55,282,56,0.55,81.8405007,74,2,19,96,76,6.97,74,1.7,595.6368319,1367566,9.4,9.3,0.363,6.4
64.3,193,12,0.6,10.68147485,39,927,32.1,15,84,4.48,85,0.3,189.3878519,6447688,4,4,0.543,9.8
74.7,95,1,1.62,8.140373615,81,22,63,1,75,7.42,81,0.1,84.268878,4183156,4.7,4.7,0.746,13.2
72.6,11,10,0.05,782.1799815,93,0,56.2,12,95,4.24,95,0.1,9126.954277,3046.29070816125,7.3,7.4,0.737,11.8
67.5,151,8,0.51,4.104190077,74.1171512904497,574,42.6,10,77,4.48,77,0.1,73.6838434,81112,3.1,3.1,0.642,10.4
77.5,8,0,4.51,428.7490668,98,0,57.2,1,98,5.88,98,0.1,4575.763787,288914,1.2,1.3,0.761,14.2
52.2,366,46,0.64,76.52382535,39,226,18.2,78,46,3.42,39,3.1,986.13177,13133589,8.8,8.7,0.387,7.3
78.7,96,1,4.16,742.1961992,96,0,59.2,1,98,8.59,99,0.1,6425.941119,2142.29447571696,3.4,3.2,0.778,15.7
48.7,371,84,7.07,249.9101958,69,265,19.3,133,65,3.84,69,2.6,3868.578883,2175942,9.5,9.4,0.468,8.1
69.9,165,0,0.88,337.2942846,61,3,44.9,0,67,3.87,68,0.1,1886.433359,2937,1.6,1.5,0,10.6
65.5,26,0,0.53,30.46703899,95,0,75.7,0,95,1.42,99,0.1,1692.613277,14656,0.1,0.1,0.585,11.9
64.4,211,1500,1.27,3.5096369,8,36711,13.5,2000,65,4.28,65,0.3,77.819,1144118674,27.2,28.1,0.526,9.4
78.5,71,0,6.7,1678.392773,89,4,63.9,0,94,8.6,94,0.1,13689.98999,398582,0.7,0.7,0.79,13.8
73,219,0,7.44,376.4570185,98,0,56,0,98,6.29,97,0.1,4132.34927,231173,2.7,2.7,0.746,14.8
83,62,3,6.9,863.0061491,93.0766982612336,450,26.9,4,98,9.58,97,0.1,4457.67639,1287,1.9,1.6,0.879,15.1
81.5,67,0,9.07,1040.278436,93,280,66.9,0,93,11.3,93,0.1,4453.24673,1577.73828734066,0.4,0.3,0.91,19.2
72.2,184,0,6.33,701.8526364,99,0,31.8,0,99,2.64,99,0.1,11122.8627,86956,5.9,6.3,0.739,13.2
67.8,183,11,0.01,8.758214538,83,0,18.2,13,66,5.93,83,0.2,128.419568,1522692,11,11.1,0.546,10.8
69.8,172,54,0.24,0,97,668,55.5,65,97,4.82,97,0.1,85.0818925417616,366.50736818705,3.1,3,0.651,11.9
75.5,17,16,1.45,181.9083783,96,565,65.3,19,96,5.41,96,0.1,12127.22522,773628,4.9,4.7,0.759,14.5
73.9,97,18,0.45,179.8598949,99,92,56.5,21,99,5.94,99,0.1,3111.762887,33824769,6.4,6.2,0.634,12.1
82.8,59,1,0.790967462409117,0,93,74,66.6,1,93,0.6,93,0.1,56554.3876,23789338,0.6,0.6,0.937,20.4
79.2,77,1,9.56,5170.130703,92.2949941326795,11,55,1,98,8.52,98,0.1,39954.64222,16281779,1,1,0.885,16.5
75.7,121,2,5.58,9.87102142,91.5579988623634,0,45.9,2,99,7.76,98,0.2,46.29935,33347,2.4,2.3,0.716,12.1
73.3,135,0,0.01,565.9672173,8,0,74.8,0,82,5.18,8,0.1,4192.349758,15782,0.1,0.1,0.716,14.3
62.9,233,1,0.01,61.57443584,88,0,23.2,2,85,6.51,87,0.8,834.341949,7415,6.8,6.6,0.49,10.9
73.2,152,3,5.65,359.9760397,89,0,46.4,3,85,9.1,89,0.1,3225.591754,629877,2.1,2,0.664,12.4
71.2,17,0,2.91142171360456,0,9,0,47.1,0,88,5.79953311992385,96,0.3,17321.83373,13692,5.7,5.9,0.779,12.7
77.5,1,1,4.29,868.3713593,8,0,46.4,1,92,7.25,91,0.1,3981.52847,3996798,2.3,2.2,0.708,11.7
67.8,236,7,6.83,11.1516268,99,4,49.2,8,98,4.42,99,0.1,97.649972,16321581,2.3,2.5,0.763,14.5
65.3,199,8,0.01,0,88,339,2.9,11,88,1.87,88,0.2,90.7764366218596,175.00400790274,8.9,9,0.573,10.6
73.6,157,6,6.05,587.8828228,8,0,52.6,8,85,4.41,82,1.2,4952.67753,9767758,3.4,3.3,0.695,12.9
58.9,373,2,2.03989183242393,0,9,0,32.3,3,84,4.04976655996192,9,7.1,3136.92511,131911,4,4.1,0.541,11.4
69.3,162,19,0.27,80.15505125,92,1861,18,24,92,5.69,92,0.1,688.6172788,2798531,16.1,16.5,0.545,12.3
78.1,92,0,11.28,7627.412444,88.4784793923896,2,55,0,93,9.77,93,0.1,48799.8237,5419432,1.2,1,0.897,16.6
64.8,214,0,0.48,10.6242741,67,0,71.4,0,61,1.39,62,0.1,113.6286,9542,0.2,0.2,0,12.4
78.4,98,0,9.31,3869.026302,91.4020141538915,0,57.1,0,96,8.15,98,0.1,32816.1688,521314,0.9,0.8,0.866,18.1
47.9,461,67,3.45,0,60.1359792086435,5729,19.4,95,66,6,65,7.1,166.379030088986,2912.06884306109,8.1,8.1,5.44754707215017,5.7480329985048
75.9,12,9,8.35,1133.558003,91,2,61,10,99,5.2,91,0.1,12969.7712,4296739,1,0.9,0.822,17.2
76.4,94,0,4.54,630.3883564,89,45,53.1,0,9,9.58,89,0.1,4611.47298,372284,2.6,2.6,0.717,13.3
54.8,337,3,7.28,827.5979335,35.020784672152,0,2.5,4,52,2.13,4,5.3,12732.2759,792217,9.7,9.6,0.569,9
81.4,64,0,1.7,3404.13099,97,18,31.2,0,97,3.91,97,0.1,39721.4818,13246.375275359,2.1,2.1,0.88,14.2
47.7,473,65,3.13,0,48,5882,2.4,93,7,4.47,64,6.9,169.858642324862,2987.57073703952,7.7,7.7,4.75834678544397,4.93241189116729
58.1,345,7,0.61,5.593619538,78.5088491841911,204,12.8,10,89,3.95,86,2,215.139213,3497124,1,1,0,4.3
52.3,412,59,3.15,0,8,48,26.8,81,79,5.81,8,2.4,132.853950875136,64.4995967658829,5.8,5.7,3.80971502157969,4.90364142388203
69.5,186,0,6.76,569.9527122,96,0,47,0,96,5.85,96,0.2,4344.15177,32168,3.5,3.4,0.7,12.4
52.1,522,4,0.01,162.1278115,93,0,32,6,9,1.62,93,9.4,1174.839214,2145785,5.8,5.6,0.491,10.8
77.3,122,0,0.01,2700.07305,93,0,59.4,0,93,6.38,93,0.1,19941.45532,1314545,1.9,1.9,0.86,16.5
74.7,9,0,1.95,1150.418063,99,5,54.8,0,99,3.8,99,0.1,12868.211,4291.03188476185,6.2,6,0.794,13.3
46.6,67,29,3.88,29.81456607,72,242,28.2,46,73,4.47,73,23.7,396.9982166,1332999,8.2,8.2,0.414,9.6
55.4,355,27,0.429,0,60.9261709793297,1256,28.8199481570274,41,66,0.429,61,3.9,176.9713,1448857,0.429,0.429,0.429,4.9
63.3,238,14,2.2,0,77,0,43.3,19,71,6.31,71,0.1,97.7369508408917,9.49976783490225,1.5,1.4,0.607,13.7
85,52,0,0.917266321923647,0,97,0,6.3,0,97,1,97,0.1,2375.1127,116985,1,1,0.854,14.3
76.9,79,0,0.88,2218.364226,96,0,36.2,0,99,2.73,95,0.1,35268.1117,11755.9317245888,5.9,5.4,0.845,14.2
67.1,192,0,0.01,200.6600988,97,0,29.3,0,97,9.76,97,0.2,1619.532678,18745,5.7,5.5,0.559,11
56.8,271,54,0.61,101.8113996,66,24,21.3,90,72,6.59,66,1.5,835.88998,1554989,8.5,8.3,0.404,7.5
66.1,227,11,2.74935437161938,0,98,1,21.4,15,99,5.7,98,0.4,71.348397,11629553,5.7,5.7,0.493,10.8
53.4,369,24,5.54,1.747440948,87,0,14.1,37,82,9.84,87,4.3,15.57434,7423289,8.2,8.3,0.286,5.6
64.3,22,38,0.2,2.79096532,2,13344,12.9,50,76,5.48,78,0.1,253.72412,2495623,18,18.6,0.457,9.2
66.8,161,196,0.01,35.48458957,5,4067,11.6,264,9,2.51,87,0.1,432.7388972,139191,2.3,2.9,0.484,7.9
79.1,9,0,10.52,3505.389434,90.8715638745895,0,56.4,0,96,9.38,96,0.1,24633.79785,239669,1.7,1.7,0.873,16.9
70,173,54,0.22,0,97,16,57,64,97,4.8,97,0.1,85.398213110191,39.9994134776478,3,2.9,0.665,12.2
63.5,276,2,8.3,805.3925284,82,2,34.6,3,8,3.13,82,4.9,9774.18117,1756817,6.3,6.2,0.669,12.5
71.3,144,3,0.01,295.1166511,96,0,54.6,3,95,4.6,95,0.1,4676.96753,1559.97516501175,5.6,5.4,0.74,16
56.2,3,88,0.01,16.88735091,64,2486,13,122,36,7.76,36,0.1,187.84595,21979923,19.9,2.2,0.341,6.2
74.9,13,3,1.3,585.8776761,97,48,58.3,3,97,7.18,97,0.1,4137.55421,1886668,6.4,6.3,0.717,14.6
62.5,251,16,5.85,41.30079452,64.2413556027499,0,43,21,65,6.68,65,2,668.297646,985287,4.1,4.1,0.466,8.5
77.2,113,0,10,235.3785281,88.9019096504795,0,53.5,0,94,8.47,94,0.1,1726.9151,199712,2,2,0.85,16.6
71.5,179,0,4.14,369.6317105,88,0,26.4,0,88,4.24,88,0.1,3957.51296,124621,7.9,7.9,0.683,12.5
74.1,157,9,1.12909803779829,0,87,0,62.1,10,87,1.55023344003807,87,0.1,77.1747381625469,4.99987780784329,1.6,1.5,0.769,14.3
72.8,189,0,15.52,153.5045263,95,2,55.5,0,96,5.2,96,0.1,1338.31322,1354775,2.1,2.2,0.812,15.9
56.1,339,3,9.93,1192.696619,52.5484421701999,0,22.1,4,59,3.84,44,7.2,17136.44568,95114,9,9,0.589,9.2
73,134,9,1.29,94.75639211,81,801,46,11,85,5.12,83,0.1,1253.39143,17415266,6.6,6.4,0.599,10.3
89,69,2,11.03,941.7562909,88,443,61.9,3,94,11.3,95,0.1,4792.65288,89825,1.1,1.1,0.92,17
52.4,527,29,5.21,53.30858081,9,9696,29.4,44,89,5.37,89,15.7,713.63562,1486317,7.1,7,0.436,10
77.7,11,0,13.33,2813.985285,94,7,54.1,1,93,9.98,93,0.1,18784.9485,15333,0.7,0.6,0.79,15.4
67.9,22,0,1.85,206.071686,99,304,52.2,0,94,3.48,93,0.1,2259.55796,815691,4.2,3.9,0.687,13.3
79.9,71,0,6.9,3998.09987,93.2039568050095,9,53.9,0,99,9.23,99,0.1,29571.7446,8924958,1.3,1.3,0.88,15.9
62.1,263,59,1.81,154.2269697,94,0,2.1,84,94,5.49,94,3,1155.2582,43646629,8,7.8,0.536,11.1
59.9,268,40,0.93,37.12894787,61,62233,15,60,65,4.81,66,0.7,316.7998965,17279141,8.3,8.3,0.457,8.5
81.2,66,1,10.31,6187.062017,95,0,62,2,92,8.49,92,0.1,36118.28381,26979,0.7,0.6,0.915,20.3
73.9,151,0,12.68,0,99,0,41.3,0,99,6.81,99,0.1,79.0716297752986,0,4.3,4.4,0.707,12.8
77.6,95,3,9.66,0,91,33,26.2,3,94,4.93,97,0.1,60.7252087726969,18.0003665764701,1.6,1,5.08311763039233,5.38766612752442
74,86,1,0.01,2009.575605,99,13,68.4,1,98,2.76,98,0.1,38497.61696,12837.0906018357,3.3,3.2,0.79,13.5
74.8,124,0,13.39,11.63615139,88.8701532702194,6,55.8,0,95,6.19,95,0.1,653.71637,444,2,2,0.759,12.6
64.5,23,13,2.37,0,8,0,44.7,17,82,5.3,88,0.2,35.1040165782831,8.4997922733336,1.4,1.3,0.617,14.4
75.8,15,1,0.54,158.27708,99,5,52,1,99,2.49,99,0.1,2986.36,997.444440842312,6.9,6.8,0.797,13.6
78.7,84,2,9.03,0,99,7,27.2,3,96,5.33,96,0.1,56.929447934696,5.00004887686268,1.6,1,4.99615948714115,5.33673383067586
73.1,146,0,8.07,865.9999782,97,0,45.6,0,98,6.36,97,0.1,7583.1872,2527.70638066158,3.8,3.8,0.744,15.8
78.1,17,0,12.26,2724.17807,91.2646483567895,0,54.7,0,97,8.42,97,0.1,19726.1265,26868,1.8,1.9,0.858,16.7
77.1,75,1,2.7703894593641,0,99,347,64.2,1,99,5.20046688007615,99,0.1,3911.74689,1419.90726666468,5.3,5.1,0.836,13.3
89,76,0,12.6,7163.348923,98,70,63.4,1,99,1.59,99,0.1,47439.39684,112957,1,1,0.89,16.3
76.1,73,0,1.93,266.7696122,99,0,6.1,0,99,3.64,99,0.1,2722.1389,907.371489731534,6,5.9,0.81,14.4
47.8,564,3,5.53,437.0802438,93,0,28.2,4,88,6.81,87,43.7,2937.36723,112514,6.9,7.1,0.502,9.9
59.5,251,25,0.01,87.4080423,77,637,24.6,39,73,4.59,77,1.2,915.2674586,14451,7.2,7.1,0.466,10.3
72.5,159,3,5.61,318.6201852,86,0,44.2,4,95,6.41,95,0.1,2312.192926,5966159,2.2,2.1,0.649,12
68,22,0,1.76,253.8196705,99,305,53.2,0,95,3.35,94,0.1,2835.973972,816628,4.2,3.9,0.689,13.3
83.1,55,0,1.79,0,96,0,33.2,0,96,2.03947570373683,96,0.1,53629.73746,17876.4187136047,2.2,2.2,0.924,15.4
57.9,278,239,1.82,0,74,133802,19.6,319,77,3.53,74,1.6,111.3384773339,67062.1310575654,1.2,1,2.32601049844737,2.25942751777319
50,284,58,0.1,13.35783844,41.1310723432382,21319,13.6,128,41,6.1,34,1.5,158.455972,11352973,12.8,12.9,0.253,2.8
57.3,332,26,0.421,0,31,878,29.7199066025393,39,41,0.421,31,3.4,758.725782,11882136,0.421,0.421,0.421,4.9
63,268,21,1.44,55.59543946,67.1792534465998,653,13.1,26,69,6.74,69,1.9,362.4213785,12853124,11.6,11.7,0.445,9.3
82,77,3,10.88,0,90.3585068931997,443,63.6,4,94,9.51,94,0.1,54.0827347851354,223.50536423568,0.8,0.5,7.05125662450363,7.44067688111362
79,13,3,13.89,3451.185079,28,0,55.2,4,98,9.89,97,0.1,22527.31775,61357431,0.7,0.6,0.849,15.6
65.9,177,11,0.38,2.093721752,81,4,33,13,82,5.7,86,0.3,39.281834,6712841,3.9,3.9,0.563,10.5
73.3,161,10,7.55,0,82,0,55.9,11,83,4.78,86,0.1,78.1237858509872,5.49986558862762,1.7,1.6,0.687,11.6
83.2,51,0,9.61,19479.91161,92.1157406860796,23,57,0,96,11.66,96,0.1,85814.58857,8188649,0.4,0.3,0.936,15.9
74.1,131,1,9.85,820.8109098,93,1,56.4,1,97,9.9,95,0.1,5821.35397,73287,2.3,2.3,0.754,13.6
69.4,164,0,1.58,0,81,140,68.7,0,76,13.71,77,0.1,76.2266362887793,70.0017106901939,0.2,0.2,0.639,11.7
81,77,2,11.92,405.4475981,96,22,6.5,2,96,8.12,96,0.1,2651.71745,43653155,0.6,0.5,0.837,15.8
53.4,397,26,6.75,31.93566186,89,386,14.9,42,89,6.24,89,7.7,236.9114381,8818438,6.9,7.1,0.371,8.2
86,72,0,9.47,8342.405764,95,597,65.3,0,95,11.24,95,0.1,38426.5581,13007.7434986558,0.3,0.3,0.901,19.7
51.8,412,60,4.64,67.63925302,66.2415886254854,899,22.3,95,72,4.97,73,7.7,824.8689393,16513822,7.2,7.3,0.452,8.1
72,142,23,0.56,100.3638322,95,6399,48.2,27,97,5.22,97,0.1,1948.812275,3179285,6.5,6.4,0.561,9.6
78.8,92,1,4.14,102.0645784,96,0,58.4,1,99,1.6,97,0.1,675.92436,225.639424574967,3.4,3.2,0.78,16.5
52.4,323,49,4.54,56.96108089,72.2284511565952,77,13.7,91,83,6.45,79,2.5,371.323865,133569,1.5,1.1,0,3.9
74,14,30,0.15,0,65,0,5.6,37,76,3.34479004842424,77,0.1,28.7785510243676,24939299,5.5,5.3,0.614,9.1
71.4,167,18,4.66,477.1341814,78,1,46.7,21,82,5.91,79,0.1,2472.197831,443958,2.6,2.3,0.65,11.3
9,9,0,0.01,78.28120317,9,0,79.3,0,9,16.61,9,0.1,3542.13589,1819,0.2,0.1,5.61757237683632,0
47.1,45,576,9.23,22.48177606,35.1427992077584,212183,16.9,943,31,2.84,29,4.9,379.1193264,1223529,14.3,14.4,0,7.6
64.2,263,1,0.96,2.586698228,89,3,16.1,1,9,4.41,89,0.3,197.45788,64282,18,18.8,0,8.8
73.5,121,25,1.39,22.67271848,92,0,6.2,29,96,6.7,96,0.1,185.68975,74432,5,4.8,0.705,12.5
49.2,4,556,9.71,6.416252787,18,110927,19.3,893,45,4.11,36,5.4,87.8938738,138939478,12.9,12.9,0.463,8.9
75.3,125,8,0.01,973.728675,88,0,54.9,10,78,5.47,88,0.1,6491.5245,3973354,1.1,1.1,0.735,13.4
68.1,217,56,5.02,212.7418488,88,1536,23.7,71,88,4.46,88,0.1,2581.818554,96866642,1,9.7,0.666,11.6
65.7,24,0,0.01,147.4549755,94,0,76.2,0,92,1.37,94,0.1,1763.815497,16613,0.1,0.1,0.581,11.9
86,67,0,6.75,1707.130633,91.5723379287998,4,58,0,94,8.4,94,0.1,9688.5961,4768212,0.7,0.7,0.936,17.6
73.1,16,6,5.91,843.7876995,8,2,54.7,7,84,4.22,84,0.7,5759.643,12795,3.3,3.2,0.703,13
62.1,259,16,5.95,63.83195683,63.0519949028239,0,41.8,22,64,5.92,63,2.4,674.7564147,97529,4.2,4.2,0.462,8.4
60,266,2,0.24,69.9675435,68,912,19.2,2,67,4.32,68,0.1,621.93372,611627,7.5,7.4,0.434,9.7
65.1,237,1,7.84,1.776181042,91,0,38.4,1,91,5.73,91,1.9,145.58861,751652,5.8,5.6,0.613,11.2
67.2,161,2,0.5,2.726570602,67,763,15.8,3,66,0.76,67,0.1,114.56179,1131523,11.3,11.4,0.607,12.5
52.4,437,74,1.49,35.85204668,73,65,15.5,115,75,4.45,73,14.5,436.6875357,3413852,8.8,8.8,0.45,8.2
66.2,24,0,5.58,63.04032682,98,0,26.9,0,98,5.24,98,0.5,1129.754961,174776,6.1,6,0.542,10.6
56.8,356,66,1.97,59.83361364,81,1516,17.3,100,76,4.8,81,9.1,839.181117,388599,8.4,8.3,0.494,10.1
63.8,224,7,2.9,88.2436347,87.2503092903531,113,37.5,9,98,3.94,97,0.1,643.17518,4516131,3.6,3.6,0,0
68.8,183,0,0.01,3.718438799,88,0,49.7,0,94,5.5,88,0.1,29.652622,57554,1.1,1.2,0.512,9.6
72.3,182,0,4.94,75.2256582,99,0,32.4,0,99,2.64,99,0.1,976.9566,87298,5.8,6.2,0.739,13.2
47.6,44,41,0.25,21.52701616,28.7915827707193,3546,13.9,74,3,6.28,36,4.6,166.231785,8342559,11.5,11.4,0,4.7
65,242,23,0.33,96.03725103,84,0,19.5,40,84,5.35,84,0.7,773.8698713,11251266,11.4,11.3,0.415,6.4
76.5,127,1,6.74,956.8229765,86,0,52.7,2,86,6.75,86,0.1,6973.9284,3516268,2,2,0.75,12.8
79.1,86,3,11.83,5842.374765,88,121,57.1,3,96,1.37,96,0.1,34165.9343,8251626,1.1,1.1,0.877,16.4
75.4,18,1,0.56,1040.629462,98,19,51.5,1,96,2.83,98,0.1,16784.34616,5601.39868418259,6.9,6.8,0.782,12.4
78.3,82,0,13.32,8040.220444,85.7530019797697,334,54.4,0,89,7.34,89,0.1,47631.6377,47262,0.3,0.2,0.88,17.1
82,63,0,0.941066421096296,0,94,0,61.3,0,99,0.950233440038075,99,0.1,1199.8223,56964,1,0.9,0.896,13.9
76.3,135,0,0.01,2263.103797,94,4,58.5,0,94,6.36,94,0.1,17421.8922,1322696,1.9,1.9,0.85,16.5
68.4,225,1,0.01,281.0023992,99,0,51.5,1,99,4.73,99,0.1,4181.583321,2923896,2.2,2.3,0.729,14.8
73,188,0,16.58,244.3510801,95,27,55.9,0,95,5.1,95,0.1,12595.4165,134681,2.1,2.2,0.822,16.1
57.6,393,2,0.01,708.9556648,98,0,31.2,3,98,9.66,98,9.8,3598.75972,1271456,4.5,4.6,0.539,11.4
86,71,2,11.18,839.91332,88,166,6.9,3,94,1.99,95,0.1,4465.24891,8425823,1.1,1.1,0.916,16.9
76.4,119,1,6.76,24.73142261,94,0,6.1,1,94,8.17,94,0.1,962.312164,335824,1.6,1.5,0.77,15.7
67.1,235,1,9.89,0,92,687,46.5,2,97,6.65,95,0.1,104.37761918226,344.508370162735,3.6,3.7,5.74205903721624,6.8913308553865
48.2,375,87,6.35,184.8213446,73,1014,18.8,138,75,3.38,73,2.6,2878.837144,2997687,9.6,9.6,0.454,7.7
82,69,3,7.99,6799.664423,92.1693552000977,0,24.4,4,95,8.18,98,0.1,37217.64873,127773,1.7,1.5,0.87,14.9
61.5,25,45,0.07,0,31,890,32.2,61,64,4.22,65,0.1,28.4632622537629,475.510129729791,14,14,0.45,8
59.9,26,38,3.69274871877835,0,91,99,19.4,61,91,7.75116720019037,91,0.6,615.592225,1811624,8,7.5,0.399,7.7
74,141,0,10.81,0,99,0,53.1,0,99,7.4,99,0.1,75.9084240910045,0,1.4,1.5,0.784,14
74.8,15,0,11.51,17.82121883,91.6563222346193,5,62.4,1,99,7.84,99,0.1,1448.87958,9971727,1.7,1.7,0.821,15.4
66.3,215,6,1.81986049907237,0,99,0,48.6,7,99,3.3,99,0.1,6432.668768,5565284,3.3,3.3,0.688,10.8
52.9,337,35,0.21,21.3378184,53.9449748816119,2151,17.3,56,56,3.76,53,3,322.811171,9137345,9.9,9.9,0.329,5.5
65.4,28,33,0.2,4.259752532,41,5023,13.9,44,78,5.72,75,0.2,317.89198,2564287,17.6,18.2,0.469,9.4
73.9,153,4,3.1,32.16407994,97,0,47.6,5,97,8.57,97,0.4,212.584798,83516,2.2,2.2,0.611,11.7
74.9,113,0,3.85,143.2947487,86.4394369675435,0,48.2,0,92,7.16,91,0.1,1524.41222,3771284,3.2,3.2,0,11.6
54.1,412,70,1.82,39.55677502,76,153,16.4,108,7,4.36,76,11.6,519.7999346,3648288,8.6,8.5,0.474,9.6
77.6,8,0,0.01,269.1432784,99,1,4.2,0,99,2.65,99,0.1,4159.8652,1386.94263157789,5.7,5.2,0.863,15
51.3,346,226,1.98,0,30.7076136576622,8282,14.9,332,42,1.45,4,2.5,110.711855017686,4307.09714276458,12.4,12.3,1.96433776372739,4.65943033256585
49.6,381,30,0,0,49.6,0,23.4936520512586,49,49.6,0,49.6,3,176.256555211249,6974442,0,0,0,0
77.3,12,2,10.71,243.808475,96,0,61.1,2,94,6.35,98,0.1,14341.675,3811735,1.9,2.1,0.85,16.4
57.3,357,45,2.71792132399772,0,84,1809,29,68,83,5.55023344003807,84,3.5,1244.429421,22834522,5.6,5.5,0.514,10.4
82.5,64,3,7.39,9498.729062,92.2747556101156,434,27.4,4,96,1.7,97,0.1,48167.99727,127833,1.9,1.6,0.884,15.1
62.6,249,156,1.32,67.77565369,65,3255,16,231,7,6.55,65,1.4,354.8463544,946756,1.9,1.6,0.411,8.2
71.2,138,38,1.47,35.55729,72,7823,55.1,46,78,5.36,78,0.1,366.57,6514354,5.2,5,0.658,11.5
75.5,99,0,4.25,3.479918859,36,28,49.9,0,87,9.4,84,0.1,265.642661,3781287,3,3,0,12.3
51.9,434,77,1.63,3.847602867,43.7541707382552,11304,14.7,120,77,4.62,8,16.9,41.7763612,32321482,9,9,0.447,8.4
57.2,27,53,0.01,96.5465827,66,341,21.9,88,72,6.47,66,1.5,777.3476868,16667,8.3,8.1,0.411,7.7
81,72,2,8.4,864.94993,42,14,63.6,2,89,11.17,91,0.1,4773.45436,33628571,0.5,0.4,0.898,15.9
72.4,143,2,0.01,0,94,372,63.8,2,94,4.97,94,0.1,74.9598923014766,187.004521109798,5.7,5.5,0.73,13.4
59.2,277,10,3.75,5.592170255,64,6,24,13,84,14.39,81,2.1,33.667491,3811528,7.6,7.4,0.4,9.7
68.4,172,22,0.27,112.1229028,92,2359,16.9,27,92,6.73,92,0.2,692.1166842,27327147,16.5,16.9,0.529,12
66.9,235,1,4.61,134.1678932,97,8,45.9,2,96,5.29,95,0.1,1717.898761,2668289,2.2,2.3,0.686,13.8
75.6,138,0,7.84,1983.956937,98,0,44.4,0,99,5.63,98,0.1,12126.87614,4042.25576767651,3.3,3.3,0.783,14.1
76.4,89,0,0.11,1504.30004,99,16,3.1,0,92,3.1,92,0.1,21896.6527,7304.15221450151,6.5,6,0.828,13.7
44.6,717,28,4.14,8.7174087,65,420,27.5,43,69,6.44,68,30.3,444.76575,129432,9,9,0.406,9.3
59.4,288,41,1.7,129.0263364,84,420,23,62,84,4.64,84,2.9,922.9351677,22113425,7.9,7.9,0.51,8.7
79,93,1,4.37,13.6691019,97,0,6.7,1,99,11.6,99,0.1,75.5199,25.5064007562128,3.4,3.3,0.772,14
78,99,0,13.45,276.0999798,94,5,53.3,1,95,9.84,95,0.1,1845.5881,1483861,0.7,0.6,0.792,15.9
79.4,85,0,12.4,5992.588029,86,9,52.7,0,86,1.53,86,0.1,38242.4252,8227829,1.7,1.9,0.848,14.9
57.8,272,52,0.01,46.56231672,73,290,23.2,85,74,6.86,73,1.6,825.5729915,16962846,7.9,7.7,0.43,8.2
58.3,348,88,4.04,0,9,1622,21.3,128,88,5.72,9,3.1,112.925669080931,875.018255508212,7,6.9,4.3109591731496,5.497066798402
69.7,187,0,6.37,136.8836683,89,0,39.3,0,9,4.82,88,0.7,1653.1844,13926,6.1,6.5,0.76,12.4
69.1,197,0,4.68,43.59522964,27.2378113098916,0,33.6,1,9,4.17,9,0.9,643.947262,1267984,6.7,7.2,0.709,11.7
74.4,138,2,9.58,1078.358105,96,7450,58.4,2,92,5.48,91,0.1,8558.39766,25835,2.8,3,0.797,15.3
77.3,16,2,6.1,687.5116825,90.6967752638355,0,54.7,3,96,6.51,97,0.1,4595.666327,15444969,1,1,0.761,13.7
76,172,0,2.88,42.12368374,44,0,72,0,45,5.4,49,0.1,335.112838,184826,0.2,0.2,0.691,12.9
82.1,61,1,2.69,4279.895512,97,50,64.2,1,96,7.89,96,0.1,36393.66932,8595,1.2,1.1,0.891,15.9
57.9,283,44,1.16,35.66125056,57.598218868844,35256,13.9,68,58,5.8,57,0.6,245.939659,1576686,8.7,8.6,0,8
73.8,124,7,0.81,0,84,22,51.3,9,83,3.55,8,0.1,41.7536271674659,2824893,6.4,6.2,0.648,11.8
81.1,57,0,8.58,374.2947283,94,0,68.8,0,99,9.89,99,0.1,2393.1888,423374,0.8,0.7,0.828,14.2
52.9,462,35,1.08,9.728005297,93,118712,17.6,54,86,1.5,93,13.7,458.8681744,1516795,6.8,6.7,0.43,10.2
46.2,441,29,3.91,5.379606465,77,44,2.7,44,75,1.29,77,1.9,46.3759178,6165372,8.7,8.7,0.367,8.3
71.1,194,18,5.88,0.27564826,95,4074,18.7,21,97,3.4,97,0.8,27.564826,6295821,9.4,9.7,0.64,10.9
72.3,126,0,5.28,345.463714,96,0,25.5,0,98,4.3,98,0.6,3112.285712,486438,8.1,8,0.602,11.9
76.2,131,0,8.56,2422.999774,99,0,47,0,96,5.54,99,0.2,12888.29667,4296.0603331299,3.3,3.3,0.782,13.9
64.8,175,371,0.03,0.697215581,78,863,21.3,460,7,2.94,71,0.1,16.63999,1674958,2.5,2.9,0.514,7.3
75.2,116,0,11.59,167.2319899,89.6880786148794,2,57.5,0,96,6.89,96,0.1,1224.2459,4442,1.8,1.8,0.777,13.6
71.7,187,10,1.88,657.5282797,73,0,49.9,13,65,6.2,73,0.4,3687.763767,15923559,1.2,1.2,0.614,10.7
55,354,217,0.86,1.506962482,35.7316899956,73,13.5,342,54,4.23,4,4.1,135.7623858,7462445,11.5,11.3,0.31,5.4
45.3,45,29,3.86,45.57108889,63,0,2.2,45,63,1.12,64,2.2,358.8274716,615417,8.9,8.9,0.357,8.2
75.9,128,28,4.09,0,95,15033,16.7,35,96,7.7,95,0.1,70.5313183603128,7534.18326379663,14.3,14.7,0.675,12.5
58.6,281,10,3.88,40.03344077,64,1,23.4,14,79,11.83,75,2.4,232.61732,3662993,7.7,7.6,0.394,9.8
62.9,275,10,0.855164813082621,0,67,38,48.6,12,74,1.3,73,0.6,110.073281043335,7919825,1.3,1.3,0.515,10
55.5,41,88,9.65,6.002527685,73,3776,15.2,137,7,9.76,73,8.4,41.858631,359487,6.3,6.3,0.442,10.3
54,485,55,6.93,519.1563781,71,244,42.2,82,7,8.26,69,28.9,3775.68275,46418193.9,13.5,16.1,0.613,12.9
73.1,138,3,0.48,264.2496129,95,632,28.8,4,96,3.95,96,0.1,4463.675893,2468873,9.3,9.1,0.724,12.1
76.7,73,0,1.83,91.13971812,97,0,22.1,0,97,7.93,96,0.1,633.79498,367,14,14.1,0.653,11.6
81,58,0,7.67,343.123395,93,0,68.4,0,99,9.95,99,0.1,2193.8836,419455,0.8,0.7,0.821,14.1
66,223,8,0.01,55.12187071,42,127,24.2,12,71,4.21,71,1.3,697.7451989,31372,9.8,9.6,0.461,7.2
74,113,4,0.41,63.8784522,98,20,64.8,4,98,7.45,98,0.1,466.94775,88936,3.9,3.9,0.737,13.1
82.7,54,0,9.86,18379.32974,91.9640118066296,61,56.2,0,96,11.59,96,0.1,83164.38795,7996861,0.5,0.3,0.932,15.7
67.4,211,10,3.77,0,88,0,48,13,87,5,88,0.2,94.5722834430125,6.49984115019628,1.3,1.1,0.632,14
78.3,95,0,11.28,507.306164,64,44,59.4,1,96,9.3,95,0.1,3743.95693,1376133,0.8,0.8,0.878,18.6
62.5,243,62,1.77,172.0097884,75,680,25.4836151458117,92,9,7.97,9,0.3,1476.47887,34385963,4.41618341424325,4.4213384200166,0.461,7
78.3,95,0,12.91,910.5062778,95,0,55.2,0,99,8.27,99,0.1,5293.64115,446175,1,0.9,0.86,13.5
83,76,0,9,3189.754439,95,149,63.7,0,99,9.18,99,0.1,26917.75898,11121341,0.8,0.7,0.859,16.4
42.3,496,30,3.99,38.52454761,59.4119364163053,7,18.8,47,69,11.66,65,2.1,263.145817,5439695,9.5,9.5,0.332,7.6
59,386,536,9.3,105.5910629,41,9960,21,848,6,4,53,5,1383.893354,1534739,12,11.9,0.481,9.2
71.7,133,4,0.49,227.296617,93,32,54,4,94,9.65,91,0.1,1657.889256,51313,4,4,0.7,12.6
66,217,0,7.64,4.141293345,98,0,45.9,1,97,5.25,98,0.3,43.82321,763393,5.5,5.3,0.636,10.3
56.5,426,3,5.09,205.8078833,71.8007650694834,416,25.1,4,79,6.18,78,23.9,1834.29486,1933596,15.2,15.4,0.556,11.7
67.4,159,2,0.01,30.17998548,83,16,16.2,2,83,1.1,83,0.1,1117.77724,115676,11.2,11.3,0.618,12.5
83,76,0,11.42,2052.393076,95,0,58.8,0,96,8.11,99,0.1,13198.6693,497783,0.9,0.9,0.888,13.5
75.4,121,1,5.11,160.8400141,91,0,57,1,91,6.52,91,0.1,3622.52284,3325637,1.7,1.6,0.747,15
71.8,172,88,6.95,15.85781237,97,2,46.1,100,99,6.94,99,0.1,359.587582,182482149,3.3,3.3,0.699,14.8
73.9,11,1,1.94,630.0540723,77,618,6.8,1,74,8.42,77,0.1,5339.441291,3986852,4.7,4.6,0,13.7
53.5,334,3,6.01,234.7874207,43.9113658674222,24,19.1,4,44,2.5,36,2.9,2711.17114,66647,1.4,1.3,0.542,8.2
64.1,235,36,0.03,0,76,130,36.4,46,76,5.32,76,0.1,98.3691620619902,88.0010264141164,13.8,13.7,0.483,8.4
84,76,0,8.2,2528.992935,98,3,64.9,0,99,9.24,99,0.1,22242.68193,114511,0.8,0.7,0.858,16.8
73.6,133,0,4.3415091037645,527.3076721,73.6,0,55.7,0,73.6,8.46,73.6,0.1,3674.617924,614261,2.3,2.3,0.746,12.8
79.7,57,0,10.69,2443.325028,96,0,58.3,0,99,7.54,99,0.1,32233.83942,1124835,0.9,1,0.847,13.8
47.8,467,65,3.15,0,1,5790,19.9,94,7,4.85,66,7,168.59318808484,2942.06960065246,7.9,7.9,4.9243433779998,5.14356133923229
74.7,142,3,9.06,542.0235,97,48,54.5,3,98,6.22,99,0.1,5693.52416,382457,2.4,2.6,0.796,15.3
74.1,9,8,0.09,196.3808305,98,294,65.6,9,98,3.86,98,0.1,2533.9462,945.643927623983,7.5,7.4,0.818,14.5
64.5,274,2,2.75,98.68367951,98,0,42.1,2,99,5.9,99,0.1,998.8226671,2526446,2.3,2.4,0.637,11.8
54.5,344,483,4.54414476603989,0,49,12423,25.4,747,49,9.75023344003808,49,3.7,2655.157977,181181744,9.8,9.7,0.525,10
71.9,164,0,9.06,95.19375921,96,0,41.8,0,96,5.88,96,0.1,7322.596862,2440.84371424853,3.9,3.9,0,15.3
56.4,36,31,0.19,1.399626733,57,3,19.4,48,46,3.8,63,2.4,49.456775,196727,8.9,8.8,0.364,7.6
66.6,192,14,2.2,56.88416481,89,1156,16.4,16,88,5.95,89,0.5,785.6928841,143874,11,11.3,0.519,10.6
74.2,148,1,3.64,25.62349238,92,0,48.1,1,94,4.87,92,0.9,462.517913,2775467,1.9,1.7,0.714,12.5
62.5,224,1800,0.93,19.26615743,59.0404530292162,38835,11.4,2500,57,4.26,58,0.3,438.864634,1535912,27.7,28.6,0.489,8.3
66.2,162,359,0.01,62.29361092,72,1370,24.7,442,72,2.61,72,0.1,1316.98966,185546257,19.4,19.8,0.542,7.8
55.7,299,236,1.52,0,7,55577,17.8,326,72,3.61,7,1.9,96.7934920573356,27952.175123885,11.1,1.9,2.34120619561457,2.44371440000224
48,4,42,0.3,26.87439074,32.6760706958006,24908,14.1,75,26,6.9,26,4.8,197.3156442,866312,11.3,11.2,0.3,4.9
72.7,157,3,6.14,34.73924576,87,0,44.9,4,85,7.6,89,0.1,359.992184,647117,2.1,2.1,0.654,11.9
78,1,1,4.04,1070.268999,86,1,48.3,1,88,8.45,88,0.1,4167.71417,4125971,2.2,2.1,0.715,12.1
82.3,64,1,1.5,0,98,7,31.7,2,98,1.25116720019037,98,0.1,51.2355057366625,4.50006109607835,1.5,1,0.1,1
82,61,0,1.84,4540.543752,96,50,31.8,0,96,3.96,96,0.1,46569.67951,15539.7543333726,2.1,2.1,0.889,14.5
73,181,2,2.48,591.7757569,92,0,54.1,2,93,6.7,92,0.3,3827.786267,6221246,1.6,1.6,0.67,13.2
76.7,78,1,1.82,377.2009132,98,0,6.5,1,98,3.49,98,0.1,4335.64268,1445.53458275965,5.2,5,0.829,13.3
55.3,46,62,1.16,5.813338496,78,8,21.8,87,78,5.9,78,5.1,65.985681,26434372,3.6,3.5,0.405,9.1
82.5,61,1,9.87,11734.85381,91,158,65.5,1,91,9.36,91,0.1,67792.3386,23117353,0.6,0.6,0.933,20.3
78,29,0,8.24,478.0644911,98,0,56.3,0,98,6.15,98,0.1,5134.95694,2287955,2.6,2.6,0.761,15.2
79.8,75,2,9.69,3.1222302,95,0,55.7,3,96,8.11,93,0.1,24.819,569741,0.5,0.5,0.828,14.9
54,334,33,0.34,18.93011259,39.7472786914056,10,18.1,53,65,3.14,6,2.8,386.3288283,949229,9.5,9.5,0.325,5.1
72.5,147,0,1.08,4.783805563,84,0,72.1,0,86,4.67,84,0.1,37.846563,1364,0.1,0.1,0.703,14.5
65.8,245,1,0.29,169.2023968,95,2,17.4,1,96,5.27,95,0.3,1335.45696,672228,17.5,18.3,0,9.6
72.8,12,0,0.01,325.6298627,94,0,29.7,0,93,4.29,93,0.2,3558.796314,5216,6.9,6.9,0.643,13.6
80,78,0,9.08,372.6854142,95,2,63.1,0,99,9.76,99,0.1,2971.973,111717,0.8,0.7,0.857,16.2
73.7,13,1,2.1,618.3614858,75,213,6.2,1,74,8.91,75,0.1,5424.22356,3863267,4.7,4.6,0,14.2
74.1,165,1,11.64,181.7634078,91.4439018033893,0,6.5,1,99,7.33,99,0.1,15669.25929,138188,1.9,1.9,0.812,15.3
56.8,284,25,1.19,75.91429496,74,176,21,39,76,4.75,74,2,625.8392,8216896,8.5,8.4,0.434,8.7
64.1,241,6,2.58,0.358651421,98,59,42,8,98,2.16,98,0.1,26.371428,487137,3.3,3.3,0,10.4
68,274,169,1.17,53.77354001,56,1176,15.3,256,65,4.41,58,2,379.7566385,85416253,11.1,1.8,0.393,8.1
53,439,16,0.01,7.344808214,47,141,21.2,23,47,3.62,47,5.1,486.41114,449416,8.7,8.6,0.366,7.1
73.7,146,4,2.29,127.6377505,98,44,17.9,5,98,3.76,98,0.1,1644.816372,19668,15.4,15.5,0.725,13.2
82,81,3,11.1,6646.953935,74,272,61.6,3,99,11.56,99,0.1,42554.1225,6599857,0.6,0.6,0.887,16.2
73.1,147,15,4.53,62.43710774,93,0,51.3,17,94,6.11,93,0.1,379.78776,43835722,2.3,2.1,0.669,11.5
56,344,48,4.56,23.1016899,60.1792534465998,4174,12.5,93,62,4.85,62,3.6,235.4912324,11944587,11.2,1.8,0,3.5
72.6,177,0,9.72,1121.475547,99,0,34.2,0,99,3.38,99,0.1,12189.9516,87441,5.7,6.1,0.744,13.3
76,216,0,9.92,86.9255399,99,2,57,0,99,6.37,99,0.1,7558.7426,2238799,2.5,2.5,0.791,15.9
75.4,89,201,5.74,94.4344566,99,6183,3,233,99,5.26,99,0.1,6337.882993,135695,3.9,3.3,0.703,12.4
67.1,29,0,1.18,195.5259417,81,0,41.3,0,89,5.64,9,0.1,818.442619,458324,1.3,1.3,0.459,8.1
59.3,284,3,3.48,0,97,2,24.1,6,97,5.75,97,2.1,120.509796205856,3.99995112313732,8.2,8.1,0.439,8.8
61.7,29,1,0.14,8.574029812,89,756,14.4,1,88,5.91,88,0.1,87.9387673,5896,18.9,19.6,0,7.6
56.420371557334,55.515762952656,0,0.01,871.8783173,8,0,81.6,0,79,17.24,79,0.1,3617.752354,1205.90662839752,0.1,0.1,5.8293226400307,0
73,134,1,7.42,462.7076756,89,11,53.3,1,96,8.24,88,0.1,3331.228766,7463157,2.6,2.6,0.72,13.1
82,63,0,7.38,335.5180568,86,1,67.1,0,73,8.33,73,0.1,2675.58259,412477,0.8,0.7,0.815,14.4
76.8,17,0,13.43,0,99,2,62.2,0,99,6.52,99,0.1,36.6846736057575,1.00002443843134,2,2.1,6.94243716068919,7.55819114198211
79.7,71,1,2.32,1731.755747,98,124,59.6,1,93,7.44,93,0.1,18946.99942,66897,1.1,1.1,0.863,16
57.2,38,43,1.6,20.65432873,78.6535010258792,23068,19.5,65,88,3,88,3.6,263.1124679,18938762,9.2,9.2,0.48,7.7
78.7,16,25,8.67,0,91,220,67.5,29,94,17.6,96,0.1,35.419649281496,124.502333870193,0.7,0.6,8.99373208661078,9.90526787171051
72,155,1,11.19,32.38616103,96,0,58.6,1,96,7.43,96,0.1,271.46824,7775327,2.3,2.4,0.729,12.9
67.5,19,0,2.70348834721368,0,96,0,3.9,0,96,5.40046688007615,96,0.2,1624.63963,195553,5.5,5.3,0.565,11.2
54,329,12,4.24,17.85870796,43.1812386280442,4,21.5,17,47,8.77,31,3.2,149.4452549,3176414,8.5,8.5,0.335,10.2
81.4,58,0,8.49,7613.814999,92.9626012022595,0,58.1,0,98,8.8,98,0.1,55575.29196,317414,0.9,0.9,0.892,18.2
67.2,21,30,0.32,44.12059646,62,9081,51.9,37,69,5.61,74,0.1,1391.816923,2631669,5.4,5.2,0.603,9.8
77,148,0,3.82,155.2072669,4,0,22.6,0,92,5.17,91,0.8,1373.515636,45216,9.2,9.1,0.569,11.3
75.4,89,1,1.74,3749.941617,92,0,55.8,1,94,2.33,92,0.1,42372.22166,14124.2804518164,5.1,4.9,0.823,12.8
73.6,148,3,5.36,441.8446244,87,0,47.9,3,83,1.33,87,0.1,3855.537735,6379219,2,2,0.679,12.3
57,297,3,2.47,0,94,119,19.7,6,87,4.22,87,2.7,121.459617742665,62.5013807713708,9.6,9.6,0.395,7.3
71.2,188,7,6.13,340.0239945,66,113,44.1,9,71,5.59,72,2.5,2862.154836,8697126,3.8,3.6,0.656,12.3
79.8,86,2,7.26,211.614293,94,6,61.2,2,93,7,94,0.1,1475.69242,17153357,0.8,0.8,0.82,15.4
48.4,43,44,0.42,3.979243535,34.9342165919023,15801,14.8,77,36,5.49,23,5.1,292.5914364,935321,1.9,1.8,0.284,5.4
72.5,157,3,8.51,665.6427546,99,3196,54.4,4,97,5.6,97,0.1,5828.745662,2119376,3.2,3.7,0.755,13.7
79.3,96,0,10.45,6147.1323,92.3716683780015,0,59,0,97,8.9,99,0.1,48288.5491,528872,0.9,0.8,0.873,17.2
85,78,0,9.53,259.7786785,91.9654224109997,1,58.9,0,95,9.29,95,0.1,2315.31799,259953,1.4,1.4,0.878,16.8
54.9,355,15,1.01,3.989928468,66.1143300817096,61,18.4,22,71,5.6,71,5.1,349.9937253,5534598,8.6,8.5,0.432,10
67.7,267,5,7.99,29.38172706,96,42724,56.8,6,99,6.39,98,0.8,233.18831,4678775,2.6,2.7,0.716,14.7
81.2,69,1,9.56,0,99,2,3.4,2,99,7.1,99,0.1,53.1333431640869,2,1.5,1,5.77733635364865,6.20345855102294
73.9,128,1,4.09,260.9963826,95,0,51.9,1,96,3.71,95,0.1,3526.978143,2875581,2,2.1,0.729,12.7
77.1,12,2,11.63,23.43533487,96,84,6.4,2,95,6.4,99,0.1,1378.54911,384196,2,2.1,0.838,15.4
72.8,166,0,2.83,624.2361828,99,15,3.2,0,99,4.97,99,0.1,7318.12641,1247429,7.3,7.3,0.734,13.8
69,168,0,2.98,0,82,0,67.5,0,81,12.77,81,0.1,78.7568569036064,0,0.2,0.2,0.64,11.7
72.1,16,1,10.48,456.3404657,96,3,59.7,1,97,7.8,96,0.1,3893.68998,7658972,2.2,2.3,0.745,13.5
55.3,35,23,4.33,15.99415192,92,173,15.2,35,89,7.86,92,2.9,196.2472628,8212264,7.9,7.9,0.319,7.9
89,88,3,11.9,7002.785925,47,604,59.1,3,98,1.57,98,0.1,45413.6571,6437499,0.6,0.6,0.877,16.1
59.7,322,2,8.13,443.4750634,49.1357221699964,63,3.3,3,44,3.26,45,11.1,5685.577736,136425,7.4,7.2,0.64,12.3
51.2,341,49,0.01,0,17.6266639789813,12008,19.4,80,3,4.56777925908402,3,0.9,108.814017590261,6044.14575080452,7.6,7.4,0.428873698092966,3.40492808743915
73.8,159,9,6.71,0,82,0,61,10,82,4.94,82,0.1,76.226206373019,4.99987780784329,1.6,1.5,0.77,14.2
74.1,138,12,7.81,470.1869145,66,0,55.1,13,94,8.31,93,0.1,2579.193168,3788937,1.2,1,0.776,16.3
79,186,0,4.73,0,92.9308448219995,0,41,0,99,3.64,99,0.7,90.142849670328,0,3.9,3.9,0.673,12.8
79.4,96,1,3.42,386.1379123,94,0,58.5,1,95,9.47,95,0.1,1569.66631,47641,1.7,1.7,0.762,13.7
68.3,237,1,9.66,0,95,10,49.1,1,93,1.88,92,0.1,104.061556563287,5.50010997294104,3,3.2,4.05797746730844,4.81016555153126
83,81,0,11.96,331.457035,98,23,59.5,0,98,9.74,98,0.1,2577.4264,1514844,0.7,0.5,0.824,16.3
73.1,166,1,3.48,155.5884677,36,0,44.5,1,99,4.56,96,2.3,3465.221998,2712511,1.9,1.8,0.694,11.9
73.8,13,0,5.38,595.7306923,9,0,56.5,0,9,8.1,9,0.1,4383.59597,61525,2.2,2.2,0.751,13.2
82,77,0,11.3,8053.557638,83,49,54.7,0,83,11.19,83,0.1,47654.18721,8343323,1.7,1.9,0.87,15.3
76.2,12,1,0.46,1154.893473,98,0,52.8,1,99,2.76,98,0.1,21268.7564,7089.85516533899,7,6.8,0.796,13.7
61.4,254,65,2.01,86.13166944,78,327,23.9028969374334,97,84,4.72,84,0.3,1115.6952,32282526,2.69438607177535,2.69732433581982,0.44,6.4
77.5,15,0,8.59,397.7533689,91.5003375261475,0,55.5,0,96,7.22,99,0.1,24253.2542,517629,0.9,0.9,0.847,17.3
72.6,136,10,1.41,81.7274712,79,146,43.9,12,86,4.92,84,0.1,1177.629268,1641848,6.8,6.6,0.588,10
71.7,167,0,9.06,662.2663687,91,0,41.1,0,91,5.99,91,0.1,6764.722867,2254.8873848615,3.9,3.9,0,15.1
46.8,495,17,1.5,60.04884821,46.985636917652,49,19,26,46,4.4,48,9,397.148467,42758,9.4,9.4,0.33,6.2
78.5,61,0,6.29053620885698,0,99,0,27.4,0,99,13.6,99,0.1,8395.785198,49163,13.6,13.6,0.701,12.7
73.1,157,0,7.01,0,98,0,53.1,0,97,8.63,98,0.1,80.6533186005978,0,3.5,3.4,0.72,13.3
68,178,23,0.24,84.62302524,82,190,16.4,30,83,6.43,82,0.2,592.1835216,2723137,16.7,17.2,0.515,11.1
63.7,273,7,0.01,0,62,260,25.6,10,61,3.98,85,3.3,113.235454929804,135.003054803918,7.9,7.5,0.557,10.2
68.4,256,15,11.05,162.8088054,97,129,57.5,17,98,6.83,97,0.2,1674.98771,142849449,2.3,2.5,0.773,13.7
81.5,72,4,8.03,5486.51208,86.351823853174,22552,22.5,5,81,7.75,95,0.1,33846.46564,127149,1.7,1.4,0.856,14.6
51.5,387,24,5.98,9.660010196,69.7722479116114,1016,13.3,39,74,5.15,81,5.2,122.4335893,6741569,8.7,8.7,0.268,4.4
71.8,165,0,3.73,502.3844946,97,3,28.6,0,98,4.38,97,0.1,5695.969327,1233996,7.6,7.5,0.713,13.4
57.4,283,239,1.81,0,6,5407,19.1,321,76,4.4,6,1.6,91.4161283771876,2864.0621469309,1.4,1.2,2.61491319913162,2.6523459373345
71.4,178,0,6.32,1132.432517,85,0,57.7,0,85,5.69,85,0.4,9564.46383,547928,3.5,3.5,0.722,12.7
73.5,15,1,2.19,527.9176618,74,526,59.7,1,74,9.3,74,0.1,5425.6697,371464,4.8,4.7,0,14.8
65.8,173,2,0.05,11.75766897,24.8433162233216,0,14.2,3,7,0.37,7,0.1,524.8959363,164973,11.8,11.8,0.541,11.3
63.3,241,150,1.84,86.82551124,69,4347,16.4,221,7,5.77,69,1.2,468.567249,92444183,1.7,1.5,0.422,8.4
66,163,365,0.04,60.18648815,72,8749,23.9,450,72,2.7,72,0.1,1272.44161,181712595,19.6,2,0.538,7.7
78.8,82,0,5.49,6356.827282,87.2978153414197,4,54,0,91,8.65,91,0.1,38549.58934,4513751,0.8,0.7,0.917,17.5
75,183,111,7.26,179.4777293,94,36,43.7,127,99,7.3,98,0.1,3739.11936,175287587,3.4,3.4,0.677,14.1
67.3,219,63,4.08,121.3625467,77,9,2.6,82,88,3.95,88,0.1,1391.772325,8789419,1,9.7,0.646,11.5
75.4,83,19,0.01,0,99,99,58.5,22,99,6.89,99,0.1,57.5618311220986,60.5009408796067,8.3,8.4,0.77,14.9
81.2,7,2,8.4,8649.674911,56,99,64.1,2,88,11.2,89,0.1,47447.4762,345274,0.5,0.4,0.898,15.9
77.3,67,0,1.92,1079.893546,96,0,23.1,0,96,8.11,96,0.1,6497.55443,377,13.9,14,0.663,11.8
51,338,49,4.53,3.195566831,63.5377603397995,1744,12.9,93,69,5.26,69,3.2,26.7635413,122931,11,1.6,0,3.6
79.5,87,0,10.47,7191.051507,98,98,61.3,1,99,9.6,99,0.1,48424.58927,179973,0.8,0.8,0.874,15.8
47.6,477,17,1.52,67.34137528,46.114097058974,12,19.4,25,46,4.3,45,8.3,456.8614334,4345386,9.3,9.2,0.338,6.3
58.4,288,28,0.01,4.344930862,62,6,21.7,42,63,5.39,62,1.9,52.3485646,11281469,7.8,7.8,0.396,8.5
78.2,62,0,0.01,2051.748615,99,0,26.2,0,99,13.73,99,0.1,7716.2415,41,13.6,13.7,0.693,12.7
58.4,282,4,0.01,50.06053544,87,1,25.6,6,87,5.59,87,3.4,642.6256154,1725744,7.3,7.1,0.419,9.2
74.6,12,3,1.24,469.6282925,98,4,53.9,4,98,5.64,98,0.1,3778.184171,129887,6.3,6.3,0.695,14.3
67.6,167,14,3.08,0,76.4711889362291,0,26.2,18,99,4.79590605984847,64,0.1,73.064548385462,8.99978005411792,5.9,5.9,1.67747907829546,4.37549353268991
69,191,0,6.25,365.799896,96,0,43.8,0,96,4.45,96,0.8,3933.332215,283277,3.6,3.5,0.695,12.8
55.7,34,3,7.97,115.0692415,51.4054099397059,78,21.7,4,57,5.32,43,7.3,1653.2937,99111,9.2,9.2,0.59,9.1
53.7,278,55,0.11,3.751715442,47.9651893882642,2183,15.4,114,46,7.15,45,1.6,25.383731,13618449,11.9,11.8,0.278,3.5
74,133,11,4.29,516.4037021,93,0,5.2,15,93,4.6,93,0.3,3611.2147,28292724,1.2,1.2,0.696,13.2
77.2,19,1,4.48,518.9359221,95,0,53.8,1,99,9.39,89,0.1,3779.577,1260.18101962951,3.4,3.3,0.719,14.2
59.9,314,11,0.58,158.001946,6,1385,4.4,15,59,8.39,62,1.5,637.3616215,6161517,1.5,1.4,0.439,7.6
72.9,15,0,7.84,11.56715633,94,0,44.7,0,95,6.35,95,0.1,741.48438,247.159241761419,3.8,3.8,0.741,15.8
48.1,652,2,4.9,469.5823898,91,1,32.2,4,96,5.56,96,28.4,4896.583835,182933,1.5,1.4,0.58,11.8
73.4,177,1,13.16,1299.459306,91.2314813721593,1,59.3,1,99,8.1,99,0.1,11398.76584,17137,2,2,0.802,15.2
56.7,336,14,1.24,77.09551224,78,425,2.9,22,78,6.64,78,4.3,499.6468713,633472,7.5,7.4,0.442,10.6
69.9,188,0,2.14925895481254,0,99,0,62.7,0,99,3.85070032011422,99,0.1,4921.89629,892149,4,3.7,0.734,15.3
76.4,113,0,10.6,0,97,0,58.4,0,97,8.5,97,0.1,66.4189790044263,0,1.2,1.2,0.841,15.1
67,234,1,0.21,302.667579,96,7,18.8,1,96,6.58,96,0.4,1795.18137,795,17.1,17.8,0,10.5
87,66,0,1.55,2639.376955,95,23,3.5,0,95,3.66,95,0.1,33579.85948,11200.8529236282,2.1,2,0.839,13.9
69.4,173,0,1.2,27.29839073,64,165,43.3,0,67,4.2,69,0.1,158.52724,198964,1.6,1.6,0,10.4
52.8,296,58,0.49,57.11644801,73,172,17.5,103,7,6.28,69,2,439.3572924,1239196,1.1,1,0.333,5.5
78.7,83,1,8.62,1403.022211,9,12,58,1,9,8.47,91,0.1,12538.17883,1862132,0.9,0.8,0.801,14.2
63.1,238,40,0.19,23.18394594,69.2992259457898,6749,12.4,54,72,5.6,72,0.1,246.375621,24566342,18.2,18.8,0.447,8.6
71.6,135,35,1.42,459.1113061,68,5844,55.9,43,69,5.34,68,0.1,4718.51291,668583,5.1,5,0.668,11.9
72.1,129,4,0.54,259.1572375,95,19,55.5,4,95,9.68,95,0.1,1812.288374,5287488,3.9,3.9,0.712,13
77,116,0,1.09993166628832,0,95,0,64,0,95,1.45023344003807,95,0.1,15524.84247,3431552,1.5,1.4,0.794,15.5
68.9,167,20,0.26,80.58788376,9,3362,17.4,25,9,5.89,9,0.2,681.7925868,27649925,16.3,16.7,0.538,12.3
79.6,73,0,6.2,3689.7273,93.1129194773395,59,52.8,0,99,8.18,99,0.1,29283.55,887219,1.4,1.3,0.873,15.9
67,189,27,0.21,70.27113179,82,2089,15.4,35,82,6.44,82,0.2,473.844449,26475859,17,17.6,0.492,10.1
72.4,172,10,6.3,0,72,0,55.3,12,86,4.93,68,0.1,75.9110895687185,5.99985336941195,1.7,1.6,0.688,11.6
63,299,3,7.58,719.5535161,83,3138,31.8,4,83,7.89,83,6.2,5191.58381,217317,1.4,1.4,0.604,11.4
78,14,1,4.17,523.4724284,89,0,54.6,1,99,7.67,89,0.1,4669.6916,1556.88322341264,3.4,3.2,0.732,14.7
79,19,13,2.21,472.2234994,95,0,45.9,15,96,6.65,95,0.4,2794.22189,146366,1.3,1.3,0.589,10.4
87,87,0,0.01,15.60659587,87,0,87.3,0,87,4.65,87,0.1,136.18321,45.3939959250876,0.1,0.1,1.59767849143195,9.6
72.6,154,0,7.91,145.8401998,97,0,43.9,0,94,6.41,97,0.1,7365.666659,2455.20018440011,3.8,3.8,0,15.8
76.2,124,0,10.8,196.3026243,87.5304742952135,0,51.8,0,93,8.57,92,0.1,1479.29634,19926,2.2,2.2,0.824,14.7
79.3,66,0,8.84,2380.699796,86,1,65.6,0,83,8.93,85,0.1,16671.5672,4538,0.7,0.7,0.809,14.8
53.1,336,51,0.01,0,46.9939155529602,9983,22.9,82,47,4.11127922147327,42,0.8,119.565563573931,5032.62098245436,6.8,6.7,0.381809237633082,3.08335167861542
73.4,158,61,7.21,526.3780636,96,0,5.3,68,99,8.24,99,0.1,8787.61375,19297929,3,3,0.704,13.3
68.6,164,9,3.16,0,92,8,29.2,12,98,4.52298921065978,92,0.1,80.9701550679396,9.99995112313731,5.4,5.4,1.71982750992756,4.18904450823595
73,193,4,3.51,22.35595448,87,0,43.5,5,89,5.26,87,0.4,143.6758,5175,2.2,2.1,0.57,10.4
66.5,22,0,1.08,156.2847968,75,0,39.6,0,78,6.9,78,0.1,784.9562874,435262,1.4,1.4,0.446,7.3
58.8,343,7,0.56,6.913998013,91,376,13.3,10,95,3.5,93,1.9,232.7945459,3738265,9.7,9.7,0,4.7
73.2,137,3,0.49,315.6639322,94,5729,29.8,4,95,3.74,95,0.1,4955.477743,2517419,9.2,8.9,0.731,12.7
69.2,28,14,2.35,41.50845637,87,0,43.8,18,87,6.79,87,0.4,277.83438,139628,1.4,1.4,0.567,9.6
57.7,323,2,0.95,92.4978948,53.1258239234942,79,28.6,2,49,5.37,53,4.3,781.2322196,732711,6.3,6.1,0.363,2.9
82,69,0,1.49,2356.731479,96,33,3.2,0,96,3.74,96,0.1,29869.85398,9967.52895230348,2.1,2,0.821,12.6
78.5,83,0,8.75,2205.98595,9,65,59.6,0,82,7.58,9,0.1,13882.85683,4649.2447045144,0.3,0.3,0.868,17.4
67.6,217,4,2.53,0,97,16,39.5,4,95,6.7,95,0.2,98.6838489505304,10.0001466305881,3.3,3.4,0.624,12.6
48.5,414,45,0.41,62.67225971,32.1336801335799,1594,15.7,80,49,3.32,4,5.1,712.1847694,1421597,1.3,1.2,0.303,5.5
52.5,32,5,2.55,0.868708478,53.8235917780519,126,17.9,9,56,5.4,53,3.6,39.486749,1267512,1,1,0,6.7
76.5,8,1,1.75,3663.764502,96,132,58.6,1,96,3.45,96,0.1,42112.23565,14081.6204990048,5.1,5,0.826,13.3
71.4,14,0,4.19,240.139715,91,0,23.7,0,94,5.6,93,0.8,1976.45856,467664,8.7,8.7,0.574,11.1
73.7,121,0,7.65,13.5139917,91,0,45.4,0,9,5.82,89,0.4,1228.5447,409.511224662628,4.1,4.1,0.753,14.2
73.2,131,9,0.93,10.21129783,82,189,46.8,10,84,4.48,81,0.1,148.852738,1786638,6.5,6.3,0.61,10.6
55.5,281,25,1.29,45.33476384,70.1042228283834,5859,18.8,40,77,4.69,76,2.1,378.73654,776733,9.5,9.4,0.395,6.6
61.1,295,11,0.71,85.7175381,61,0,42.7,14,72,4.4,71,1.4,956.668952,6627922,1.4,1.3,0.461,8.6
52.8,4,58,5.03,73.03276195,79,605,23.3,93,79,4.75,8,7.4,952.1872484,1742795,6.9,7,0.456,8.3
99,99,0,0.01,0,99,0,4.3,0,99,4.3,99,0.1,45.7922565705051,0,4.3,4.3,1.48003945632397,2.33946216185266
77.5,112,28,8.52,0,93,66,63.8,33,92,15.15,96,0.1,65.7864238507195,49.5004032341171,0.7,0.6,8.11754389923506,8.89767234278882
49.7,411,25,0.01,54.56033696,91,678,22.7,35,91,11.24,91,0.9,561.8984239,676613,7.9,7.8,0.401,9.1
76,119,8,8.28,1001.796332,94,0,61.6,10,99,4.99,94,0.1,12976.63642,42539925,1,0.9,0.823,17.3
78.9,99,1,4.22,1859.095621,89,0,53.4,1,89,9.1,9,0.1,6911.136136,442958,1.9,1.8,0.74,12.9
67.2,217,67,4.44,0.901149288,52,10511,19.2,87,85,3.25,84,0.1,11.553196,8331954,1,9.7,0.631,11.6
75.7,12,0,1.33273013619601,0,92,1,6.3,0,92,2.1,91,0.1,32.5731940813916,0.500012219215671,2.1,2.1,0.746,12.9
55.8,285,25,1.35,8.931827297,73,217,19.7,40,75,4.63,73,2.1,519.2922847,752555,9.1,9,0.416,7.7
70,215,3,2.9,398.6058322,9,0,48.6,3,9,7.3,9,0.3,2632.79942,6775,1.9,1.8,0.636,12.4
51.5,34,52,0.01,0,18.4142435477513,1149,2.7,84,4,4.3852360612278,4,0.9,12.0198376677094,616.513013464689,7.3,7.1,0.428873698092966,3.2671096265147
65.2,28,0,0.54,162.2903711,86,0,74.6,0,84,12.24,86,0.1,1297.285141,1568,0.1,0.1,0.576,11.9
69.3,191,0,5.53,78.72216127,76,0,36,1,91,5.13,91,0.5,884.518666,128452,6.4,6.9,0.729,12
59.7,285,13,0.01,4.877350139,87,577,23.7,20,85,5.25,87,1,62.1318489,7228915,6.6,6.4,0.475,12
67,185,0,2.23,0,87,0,61.5,0,85,7.88,85,0.1,85.3992449080158,0,0.3,0.3,0,0
74.4,12,1,8.65,106.164686,94,44,49.9,1,88,8.17,98,0.1,2492.12878,482,2.7,2.9,0.722,12.5
57.4,41,3,5.73,35.80978512,49.3627235135474,469,24.5,4,8,6.11,79,22.8,257.99557,1899257,15.7,15.9,0.559,11.5
66.4,178,10,0.32,4.153362912,86,0,35.3,12,87,5.58,86,0.3,76.914128,739728,3.8,3.8,0.592,10.8
66.7,174,10,0.3,35.71613793,93,0,35.9,12,93,5.93,93,0.2,666.3458569,7472819,3.7,3.8,0.601,11.1
74.3,118,1,0.63,854.0115758,99,25,49.5,1,99,2.59,99,0.1,12376.97936,4134.28966052906,7,6.8,0.742,11.5
63.8,241,31,0.97,78.79967196,73,0,18.5,43,73,4.24,73,0.4,454.963464,21743949,7.5,7.4,0.504,10.2
74.9,135,28,3.58,0,87,352,12.9,35,93,5.53,93,0.2,72.113093168764,193.503873491368,14.7,15.7,0.633,11.6
75.2,133,29,3.93,0,88,2809,14,35,94,6.36,93,0.1,71.4804520319051,1422.03389610427,14.5,15.4,0.647,11.9
73.7,133,3,0.43,409.9812523,96,394,32.5,4,97,3.61,97,0.1,7269.17114,26625845,8.7,8.5,0.736,12.3
47.7,539,115,10.57,26.97625217,53.1098652458638,48543,13.3,187,56,7.26,55,10.8,234.984775,24854892,6.9,6.9,0.396,10.8
61.1,251,46,0.08,0,19,485,31.7,63,73,4.34,73,0.1,102.481587401029,274.005156509013,14,14,0.444,7.9
54.3,32,47,4.73,64.24025208,76,125,14.6,86,94,6.58,86,2,422.6332374,13829177,1,9.6,0.325,4.7
75,139,0,9.97,0,99,0,46.7,0,99,6.72,99,0.1,75.2757829541457,0,4.3,4.3,0.723,13.1
75.8,125,40,5.11,980.2537444,98,23,57.2,47,98,5.83,98,0.1,8767.92258,1192378,1.8,1.7,0.723,12.2
61.6,288,11,0.82,20.53327531,66,0,44.2,14,79,4.36,73,1.1,1166.66337,6947447,1.4,1.3,0.477,9.2
78.3,12,0,11.02,3256.724028,91.3253399085695,0,55.2,0,97,7.98,97,0.1,23841.31792,218122,1.8,1.8,0.865,16.8
68.5,199,0,4.99,262.8299189,97,0,42,0,93,4.38,89,0.1,3556.561825,26226,3.7,3.6,0.678,11.9
63,262,2,0.25,77.0283958,69,85,19.6,2,69,4.57,69,0.1,648.38717,626425,7.4,7.3,0.451,9.9
63,328,29,2.41,20.62306285,79,35,22.3,42,74,4.99,79,4.8,185.793359,1515321,6.4,6.2,0.565,12.5
56.2,338,23,4.05,2.030494673,94,305,15.7,34,96,6.96,94,2.4,24.944652,848931,7.8,7.8,0.336,8.6
43.1,588,51,1.18,13.76270195,64.6694837194212,304,14.1,84,73,6.7,75,25.5,153.2594872,11376172,8,7.9,0.391,10.7
61.4,288,2,8.01,40.53719812,52,90,31.4,3,44,2.88,45,10.7,727.777345,1444844,7.1,6.9,0.646,12.4
67,261,9,0.01,48.09891474,8,43,25.6,12,8,1.19,8,1.2,415.361958,4181563,7,6.9,0.416,9.6
77.2,84,0,4.76,430.8769785,99,0,56.5,1,99,5.66,99,0.1,4414.72314,289592,1.3,1.4,0.759,14.2
61.3,273,1,0.44,187.4960097,88,7,32.2,2,88,8.84,88,3.1,1325.99724,851146,5.6,5.6,0.441,5.5
81,79,2,11.96,3715.370095,97,26,59.9,2,97,8.5,97,0.1,24918.64584,42921895,0.6,0.5,0.833,15.6
75.6,127,35,5.21,1033.039737,93,0,6.1,40,95,6.39,95,0.1,8959.581416,117318941,1.6,1.6,0.739,12.5
47.8,592,5,2.75,91.85432774,88,0,28.8,6,86,8.85,88,27.3,934.428563,199993,8,7.8,0.447,10.7
73,11,1,2.19,510.6035166,8,8,58.6,1,8,1.9,8,0.1,5253.122599,3359859,4.9,4.7,0,15
69.9,155,0,3.49,122.5744699,27.4805775170117,2,21.5,0,9,4.81,9,0.8,1239.377855,43579,9.6,9.5,0,11.3
64.3,219,0,0.6,59.97185848,85,0,68.8,0,88,9,85,0.1,734.9492461,85858,0.2,0.2,0,10.4
81.6,68,2,8.3,9748.636237,7,10,65.3,2,99,1.78,95,0.1,52496.69487,3475545,0.5,0.5,0.907,15.9
66.4,196,1200,2.77,57.73359864,38,31458,15.9,1600,76,4.28,79,0.2,1345.77153,12398691,27,27.8,0.569,10.4
66.3,164,207,0.01,0.397228764,77.9322554263696,3484,11.2,280,83,2.59,83,0.1,4.6135745,1366667,2.5,21.1,0.476,7.7
76,74,0,1.95,332.9347646,98,3,59.3,0,97,3.79,98,0.1,19356.67236,6453.16624114181,6,5.9,0.814,14.4
63.9,292,9,6,112.541157,99,245,43.9,10,96,4.16,97,0.1,1229.958,14883626,2.7,2.7,0.676,12.1
48.6,453,17,1.56,40.45156933,42,11,19.8,25,45,3.58,42,7.3,449.961839,44423,9.1,9.1,0.345,6.4
81,76,2,11.2,7584.078579,88,780,59.9,3,94,11.25,95,0.1,41785.55691,8177693,1.1,1.1,0.907,16.7
75.9,134,0,8.18,2156.229842,98,0,45.7,0,97,5.39,98,0.2,12565.44197,4188.44306565475,3.3,3.3,0.778,13.8
58,325,2,1.02,94.13302875,64.9654224109997,37,29.4,2,68,6.22,68,4.2,819.974118,758615,6.1,5.9,0.378,3.5
71.9,194,0,16.35,91.70962117,97,10,6.5,1,98,5.1,98,0.1,694.243915,9464495,2,2.1,0.793,15.6
65.6,22,7,2.75,579.4128244,98,0,45.9,8,98,1.96,97,0.1,6675.262954,5267839,3.2,3.3,0.672,10.7
56.9,368,91,3.97,0,85,1574,2.2,135,88,3.97,85,6.4,143.285908930598,854.51758345135,7.2,7.2,4.72926693058088,4.87349822359997
67.9,184,22,2.36,13.89021225,91,2,39.3,25,98,5.92,98,0.3,182.28625,27328,3.1,3.1,0.644,11.9
72.9,172,0,0.01,1521.672751,99,0,35.5,0,98,3.58,98,0.1,15687.34795,89949,5.7,6.1,0.762,13.5
78.4,93,2,7.57,954.9644887,87.5015391236936,0,57.4,2,92,6.69,91,0.1,7615.3468,1614764,0.9,1,0.79,14.6
67.2,183,25,1.54,28.52135777,99,85,36.4,30,99,5.17,98,0.3,396.129969,2556765,3.3,3.3,0.607,11.3
47.4,48,574,9.58,15.830985,36.1165002540663,168107,17.3,936,36,3.25,27,5.1,351.7996666,125463434,14.1,14.1,0,8
81.2,69,3,10.66,0,91.5088251682796,91,66.6,4,96,4.59984991711388,96,0.1,52.1846394082548,47.5010630717634,0.8,0.6,5.68999297543627,6.03848761033317
72.1,186,0,11.15,562.3601848,99,0,28.1,0,99,4.21,99,0.1,8331.261997,83723,6.1,6.6,0.712,12.1
71.3,161,2,0.01,36.11567366,98,0,6.9,2,98,4.77,98,0.1,562.549434,188.181448432485,5.6,5.4,0.756,14
73.5,11,360,3.04,1.58668462,79,70549,23.4,427,87,4.72,87,0.1,158.668462,129675,5.1,4.6,0.622,10.2
71.5,168,4,5.66,152.8293973,82.2964047370496,0,4.6,4,87,6.77,87,0.1,1148.229882,558611,2.4,2.3,0.632,12.2
69,221,8,0.01,55.79836969,68,22,24.8,12,68,3.21,68,1.3,944.134851,322653,9.6,9.4,0.466,7.2
61.4,29,11,0.81,103.7277727,59,0,43.4,14,76,4.6,63,1.3,1178.72469,6787187,1.4,1.3,0.469,8.9
66.3,25,1,5.8,22.31624272,96,7,46.9,2,96,4.7,96,0.1,265.353659,271265,2.2,2.3,0.693,14.3
69.4,216,0,0.01,209.3921344,99,0,23.6,1,98,3.57,99,0.5,2522.7968,776448,15.7,16.2,0.596,12.5
52.8,332,231,1.83,0,46.5314428700242,21956,16.1,331,47,3.2,41,2.2,117.984046714936,11143.7642405389,11.9,11.7,2.40608133955112,5.12666550463375
74.5,147,3,3.39,321.6132593,98,0,5.9,3,99,6.39,98,0.1,1682.957924,58782,1.8,1.8,0.62,11.5
50,587,30,4.64,1.040021112,73,853,29,45,69,6.26,73,18.1,65.824121,1381599,7.5,7.4,0.419,9.9
76.4,11,1,0.4,166.1913728,99,0,53.5,1,99,3.55,99,0.1,2458.45226,819.810058597728,7.1,6.9,0.796,13.7
74.6,121,0,6.17,709.1311228,93,0,57.8,0,95,6.13,95,0.1,7325.73474,616969,2.1,2.1,0.774,14.2
49.2,446,17,1.67,43.48359197,45,2,2.2,24,46,3.9,45,6.6,446.4434494,4448525,9,8.9,0.352,6.6
62,312,1,0.17,93.35872844,98,418,13.9,1,98,6.91,92,0.1,765.8632358,573416,19.2,19.9,0,7.3
62.7,278,10,0.01,208.2311603,67,2299,47.9,13,64,4.26,73,0.7,2182.716565,7755785,1.3,1.3,0.511,10
72.7,16,5,1.68,53.61278637,90.3225186998293,309,14.6,6,98,3.81,98,0.1,837.699787,18797,15.4,15.6,0.686,12.5
76.8,117,0,6.03,463.6397821,95,0,63.4,0,95,8.58,95,0.1,16737.89827,3419546,1.5,1.4,0.791,15.5
78.9,11,0,9.95,4816.589613,91.5074145639095,1,58.1,0,97,8.43,97,0.1,38969.17163,524696,0.9,0.8,0.864,17.1
82.3,58,2,7.35,483.1916844,96,0,62.6,2,96,9.22,96,0.1,3537.27441,6233948,0.5,0.6,0.876,16.5
59.1,317,62,1.86,7.146851404,88,1218,18.4,91,89,4.17,88,5,92.816252,423724,8.2,8.1,0.514,10.7
78,148,3,0.01,457.3202236,92,0,52.8,3,94,3.41,94,0.1,7145.628494,2382.8547677193,5.7,5.5,0.727,15.5
67.7,158,2,0.01,3.379874844,82,4,16.6,2,82,1.29,82,0.1,117.765674,1184366,11.1,11.2,0.62,12.5
69.6,162,10,0.01,7.829008596,97,0,39.9,11,94,6.88,97,0.2,114.45919,8362745,3.6,3.7,0.622,11.3
82.2,79,3,11.5,6739.677606,83,267,62,3,98,11.54,98,0.1,42955.24287,66331957,0.6,0.6,0.89,16.2
53.1,329,51,0.01,0,47.2726939693621,17298,22.4,82,49,4.14184513075284,41,0.8,117.035085009648,8690.21036601699,6.9,6.7,0.381809237633082,3.08335167861542
66.8,29,31,0.18,59.18845152,65,908,52.5,37,69,4.13,65,0.1,1849.63911,278426,5.4,5.2,0.628,10.1
63.5,185,366,0.01,24.23455671,63,4740,17.9,466,69,2.61,67,0.1,563.594342,1477341,21.6,22,0.465,5.6
69.2,197,0,0.01,401.7931045,99,0,59.5,0,99,4.6,99,0.1,4353.121392,86786,4,3.7,0.709,14.7
74.5,143,3,2.8,20.76877311,99,51,21.2,4,99,3.21,99,0.1,335.521375,2425,15.3,15.2,0.752,13.7
57.9,286,10,4.03,3.686899287,63.4956636834777,1,22.9,14,67,1.24,65,2.8,21.3733292,3512932,7.9,7.8,0.383,9.9
75.4,122,1,5.66,882.356362,94,0,57.7,1,95,11.59,94,0.1,4117.38853,332496,1.7,1.6,0.75,15.5
83,83,2,7.16,2352.999591,95,0,63.1,2,95,7.79,95,0.1,14817.37778,17613798,0.8,0.8,0.841,16.2
73,138,0,0.01,63.80294988,77,0,73.8,0,79,4.51,77,0.1,451.542462,14951,0.1,0.1,0.717,14.4
75.4,14,0,7.82,149.3587355,98,0,43.8,0,98,4.86,99,0.1,1312.46692,437.485046932674,3.4,3.3,0.788,14.2
67.8,155,174,0.01,38.05462002,45,25934,12.5,231,94,2.68,93,0.1,484.155471,14343111,19.9,2.5,0.499,8.2
78.6,92,0,12.4,3582.848308,44,0,5.6,0,83,1.12,84,0.1,24489.73553,842293,1.7,1.9,0.837,15.5
68.8,222,1,1.36869653604103,0,99,20359,52.7,1,99,2.24976655996192,99,0.1,3944.1839,2976877,2.2,2.3,0.733,14.8
63.6,274,6,0.01,0,94,194,17,8,94,2.98,94,0.6,116.39788676573,101.002272774115,8.7,8.6,0.41,5
72.6,144,16,4.03,40.53777863,88.2025462006394,0,46.7,20,95,4.94,95,0.4,259.192958,2661467,1.4,1.4,0.686,13.9
59.1,331,11,0.68,93.37278497,59,4023,38.2,14,52,6.68,55,1.3,539.41528,5716152,1.5,1.5,0.422,6.6
56.2,344,14,1.33,69.35924758,24,187,2.4,22,8,5.73,81,4.8,513.391914,6161796,7.7,7.6,0.441,10.1
55,339,3,6.86,1024.519543,49.474798140442,5,2.9,4,54,2.25,41,5.9,15761.83913,829327,9.5,9.5,0.587,9
66.7,215,4,3.31,0,99,2,36.5,5,99,5.43,98,0.1,98.9999115695037,3.49996334235299,3.5,3.5,0.601,12.1
71.8,178,0,12.03,0,90.7459489579193,0,37.3,0,99,6.1,99,0.3,87.6122851228928,0,4.5,4.5,0.684,12.6
65.1,226,12,2.66,0,84,0,45.4,16,84,5.22,84,0.2,98.0521536283443,7.99980449254927,1.4,1.2,0.62,14.6
67.5,225,1,6.71,0,99,4929,47.2,1,98,8.31,97,0.1,101.84688266852,2465.06021629483,3.4,3.6,5.18244741281715,6.46584472657433
81.7,58,0,7.4,11477.6671,42,26,57.7,0,98,11.7,98,0.1,59593.28711,9449213,1.4,1.3,0.901,16
58.8,284,27,0.01,5.140668848,63,53,22.2,41,63,5.49,63,1,54.169324,11536615,7.7,7.6,0.406,8.5
79.6,88,0,12.25,3119.349824,97,5,58.1,0,97,1.44,98,0.1,22538.6548,15731,0.7,0.5,0.812,16
71,218,0,7.13,291.0170765,95,0,55.4,0,96,6,96,0.1,3352.731296,236755,2.8,2.8,0.716,13.7
74.2,13,1,7.71,158.2576025,92,31,53.6,1,93,8.57,92,0.1,4142.869175,3825,2.6,2.8,0.749,13.4
77.4,88,0,1.41996299963989,0,82,1677,55.8,0,74,2.3,82,0.1,4574.9787,3535961,2.3,2.3,0.747,14.2
72.7,112,0,1.75,491.4978908,98,75,16.7,0,98,5.9,98,0.1,3432.247841,34,14.6,14.7,0.601,11.8
76.1,133,0,8.58,1991.430372,99,0,46.4,0,98,5.33,99,0.2,12224.86416,4074.91814786704,3.3,3.3,0.781,13.9
74.1,96,18,0.43,198.7343495,99,10,57.5,21,99,5.91,99,0.1,3154.513484,3431882,6.4,6.2,0.64,12.1
52.1,425,74,1.03,53.9502789,75,267,19.3,108,75,5.25,75,14.1,422.1461573,22188387,3.8,3.7,0.36,8.2
75,24,5,8.48,415.1627705,21,1333,59,5,54,6.98,5,0.2,3569.75727,45761,2.4,2.5,0.734,14.9
51.9,428,77,1.51,0.681685555,48.8080119053953,21002,14.4,121,8,4.68,82,18.1,43.9797132,3145483,9.2,9.1,0.448,8.4
72.6,11,1,3.66,91.71154052,96,662,45,1,97,6.26,97,0.1,1175.788981,38927,2.1,2.2,0.656,10.7
54,47,69,0.96,5.743393664,74,2321,2.5,98,73,5.38,74,10.8,419.2258149,2422145,3.7,3.6,0.39,9.3
59.3,347,76,10.22,94.49686776,82,3312,16.7,114,82,9.9,82,6.8,584.3962137,3593648,5.9,5.9,0.477,10.7
72.7,138,1,2.92075466913732,0,97,82,64.8,2,97,5.65070032011422,97,0.1,74.3269932151616,42.0009775372537,5.8,5.5,0.719,13.4
81.7,58,1,0.01,1491.703605,92,140,61.6,1,96,1.9,96,0.1,52157.4687,168658,1,0.9,0.923,18.1
77.1,14,0,11.49,1851.713262,98,2,61.9,0,96,7.8,96,0.1,13235.97757,4267558,1.5,1.5,0.815,14.6
55.5,278,55,0.57,102.1413744,74,98,19.6,94,74,6.74,74,1.6,689.6784228,14138216,9.2,9,0.36,5.8
54,437,60,2.69,0,74,12,23.8,85,58,6.21,74,4.1,161.633447714177,48.499107997256,6.6,6.6,4.31367487471058,5.16041657188362
86,75,2,8.97,0,94,17,29.1,2,95,6.66,94,0.1,53.4500936482766,9.50018328823506,1.5,1,5.42210184390358,5.83716037269728
71,147,3,0.01,362.3817951,93,633,53.4,3,94,4.6,94,0.1,6269.58123,2301.84773723155,5.6,5.5,0.732,15.7
72,153,0,1.79,45.85105771,85,0,67.8,0,91,5.9,9,0.1,229.714718,99789,0.1,0.1,0.683,13.7
71,174,6,2.61,28.80831098,93,0,38.8,8,88,6.63,94,1.7,188.783165,6524283,2.8,2.7,0.551,9.8
87,77,0,11.77,702.359357,98,39,63,1,99,1.57,99,0.1,4651.38647,11182817,1,0.9,0.889,16.3
78.9,93,1,4.2,150.8891479,89,0,52.4,1,89,8.37,89,0.1,612.623418,4369469,1.9,1.9,0.734,12.8
81.7,83,3,11.8,683.9190568,74,14949,6.6,3,99,11.33,99,0.1,4381.288,65342776,0.6,0.6,0.882,16.1
62.3,291,66,2.7031879292718,0,78,478,18.5,93,82,5.6,78,3.1,693.8963829,414487,5.6,5.6,0.488,10
77.8,79,0,5.62,130.0150391,89.7805265469195,2,62.8,0,95,7.11,95,0.1,1121.78636,39328,0.7,0.7,0.783,13.7
73.3,145,0,10.73,0,99,0,51.1,1,99,5.5,99,0.1,77.1737063647222,0.499987780784329,1.5,1.6,0.763,13.3
73.1,12,9,0.06,816.4795082,96,1880,59.4,11,96,3.58,96,0.1,11138.8746,4343.2762638537,7.2,7.3,0.754,12.3
77.9,64,0,0.01,1626.591186,99,0,25.1,0,99,11.16,99,0.1,7112.33575,393,13.7,13.8,0.683,12.4
73,22,7,6.32,293.0196601,79,0,46.1,8,65,5.53,79,2.3,2372.628827,896776,3.6,3.5,0.665,12.4
57.6,285,4,0.01,0.948526366,87,0,24.3,6,87,5.96,87,5.3,67.7518833,1638139,7.7,7.5,0.416,9.1
74.7,81,0,1.96942695558747,0,99,18,71.4,1,99,3.45023344003807,99,0.1,28975.418,9664.71948350139,3.5,3.4,0.799,13.3
59.8,269,2,0.27,7.212110766,77,0,18.8,2,73,3.96,76,0.1,616.4197236,597228,7.5,7.5,0,9.5
51.1,527,4,2.71,154.8705998,93,2488,29.7,6,92,1.87,93,13.4,1173.26212,24551,7.2,7,0.464,10.9
63.7,198,14,0.37,8.943006492,78.1185859107314,192,31.3,17,86,4.64,83,0.3,138.436633,621625,4.2,4.1,0.529,9.6
82.1,6,0,10.15,14714.82588,91.4105017960236,958,55,0,96,11,95,0.1,69672.471,7743831,0.5,0.4,0.916,15.3
51,426,60,2.92,0,81,183,24.4,84,77,6.41,81,3.7,160.367563558395,133.501209702351,6.5,6.4,4.33674454684173,5.25840331412361
69.9,142,126,0.01,62.65945432,94,788,15.2,161,94,3.6,94,0.1,757.6717572,15214912,18.9,19.4,0.535,8.9
72.5,125,4,0.54,32.52523612,95,21,57,4,95,9.5,95,0.1,261.456882,5535595,3.9,3.8,0.723,13.5
74,148,32,0.2,185.6366983,75,30328,55.2,39,78,4.65,78,0.1,3735.144836,29894652,5.4,5.1,0.643,10.3
74.7,141,3,2.37,42.7308283,99,1686,22.7,3,99,3.5,99,0.1,382.54994,2771,15.2,15,0.76,14
51.6,376,527,9.05,14.5676468,63,1272,21.6,832,66,4.24,63,4.9,197.661422,15442181,11.7,11.6,0.487,9.3
61.5,24,11,3.69,0,57,58,15.5,15,56,4.14,57,0.2,25.6170650031147,36.5005254262738,9.9,9.9,0.503,9
45.3,654,5,2.61,71.15577609,91,1,27.9,6,88,7.12,89,34.1,915.775754,1965662,8.8,8.7,0.437,10.7
67,223,65,4.22,105.7306982,49,118,2.1,84,9,3.91,89,0.1,1194.697155,86274237,1,9.7,0.642,11.6
71.4,138,0,0.01,427.9885222,64,0,5.8,0,65,3.7,64,0.1,3158.58688,247485,1.5,1.4,0.592,10.8
69.3,163,10,0.01,1.0419164,96,1,39,11,97,6.75,96,0.2,14.214412,817789,3.6,3.7,0.617,11.2
68.5,21,4,2.39,0,96,1,4.1,4,96,6.79,95,0.1,36.6850175383657,2.49996334235299,3.3,3.4,0.629,12.4
59.7,3,18,6.64,44.25687135,56.0084876421321,0,36.5,25,56,5.32,53,4.6,329.782946,8976552,4.5,4.6,0.447,8.1
74,137,30,2.19,0,78,2297,1.4,37,96,4.84,99,0.2,74.6431418172869,1167.02761542742,15.6,16.2,0.592,10.9
49.8,396,549,9.66,10.35779424,27,704,19.9,879,46,3.66,4,5.3,119.743286,14261494,12.6,12.6,0.466,9
67.3,235,1,0.01,257.8403154,99,0,48,2,99,4.45,99,0.1,3769.595255,2761516,2.2,2.3,0.701,14.6
75.2,138,0,2.27982491546439,0,99,0,47.5,0,99,4.3,99,0.1,74.9594623857163,0,4.3,4.3,0.735,13.1
67.2,217,4,2.62,0,57,17,36,5,99,4.79,99,0.1,99.9487872916398,11.0001466305881,3.6,3.6,0.593,11.8
59.2,349,29,2.59,196.9152496,78,896,21.7,43,7,4.91,78,5.6,1734.93612,14699937,6.5,6.3,0.554,12.3
58.7,276,3,0.5,49.06967155,58.7,0,11.9,4,58.7,3.26,58.7,0.1,422.28633,87167,12.2,12.2,0,0
65.9,242,2,0.01,751.3982719,88,477,34.9,3,88,8.93,88,2.2,5421.343953,237992,8.6,8.5,0.632,11.7
46.4,64,39,2.33,65.78997404,72.5436597959269,881,17.6,62,85,8.18,83,18.2,429.1583434,11421984,7.3,7.2,0.443,10.2
82,61,1,9.35,4255.781693,96,1204,64.8,2,97,9.39,97,0.1,28562.29324,4677355,0.6,0.5,0.871,17.2
76.6,11,1,11.89,167.3280168,58,45,5.1,1,96,9.14,96,0.1,1152.39681,1289898,0.8,0.6,0.777,15.5
72.9,164,6,6.05,74.8217488,81,0,5.4,8,86,4.34,85,1.6,4647.31359,954353,3.4,3.4,0.685,12.7
81.9,64,1,10.52,8875.786493,92,70,63.9,1,92,9.2,92,0.1,51874.848,223175,0.7,0.6,0.927,19.5
66.2,168,2,0.06,36.69198927,79,0,14.7,3,79,0.74,79,0.1,643.71911,17811,11.7,11.7,0.566,11.7
64.1,225,58,0.488,0,93,3585,34.1513871313833,85,93,0.488,93,0.3,2513.884661,3864783,0.488,0.488,0.488,7.2
72.7,166,0,2.49,6.6489825,99,12,29.7,0,99,4.6,99,0.1,83.635,1244121,7.4,7.3,0.728,13.6
74.7,14,7,3.63,19.60467787,94,0,48.6,9,95,5.94,96,0.2,359.71886,1425453,1.4,1.3,0.696,12.9
62.1,234,11,5,0,5,1678,16.1,15,46,4.14,5,0.2,75.6001859388691,846.520320555661,9.7,9.8,0.509,9
79.8,84,0,10.61,3343.026219,91.0839843058196,22,57.6,0,96,9.8,96,0.1,24985.24827,252843,1.6,1.6,0.876,17
81.1,63,1,8.96,1047.370244,2,51,59.9,1,97,1.53,97,0.1,5354.6536,1669374,1,0.9,0.911,17.2
75,133,2,1.53552931447977,0,9,4,6.7,2,89,2.59953311992385,89,0.1,8958.788593,19815481,2.5,2.7,0.798,14.7
59.5,271,2,0.08,29.41897495,82.9739580849549,0,18,2,98,3.39,89,0.1,433.2691451,569479,7.7,7.7,0,8.8
65.9,25,44,0.55,38.4279083,58,2175,21.3,58,87,2.22,84,0.5,1171.58257,5986514,13,13.2,0.533,9.1
56.6,429,26,6.09,92.60233636,97,0,3.3,39,95,6.69,95,8.8,955.648466,1471826,6.5,6.4,0.464,9.8
51.6,334,50,0.01,0,40.0373987977405,0,19.8,82,35,4.50693152646527,35,0.9,116.719280340131,40.998998024315,7.5,7.3,0.428873698092966,3.35898860046433
72.7,132,1,3.36,70.54185252,48,216,47.5,2,74,8.49,75,0.1,928.18227,431,2.9,3,0.684,11.8
71.5,165,17,4.43,404.4205858,8,3,47.5,21,83,5.96,8,0.1,2395.856551,498899,2.5,2.3,0.653,11.4
68.2,21,0,4.9,251.6586929,96,0,41.4,0,96,4.5,96,0.4,3419.275719,254984,3.7,3.7,0.677,11.8
57.9,38,41,1.53,31.09435342,8,1939,21.2,63,8,3.12,8,3.4,373.2815537,2446782,8.6,8.5,0.489,7.9
61.4,223,49,0.01,3.304039899,68,1142,18.9,88,67,5.82,68,0.5,43.646498,19148219,9.8,9.6,0.345,5.3
71.4,177,0,6.04,0,99,0,44.7,0,93,3.66,99,0.2,87.2959645544634,0,3.7,3.7,0.692,13.3
75.8,16,15,2.55625690052194,0,97,342,66.1,18,97,4.85023344003807,97,0.1,1979.52569,78271472,4.9,4.8,0.764,14.5
74.1,115,0,8.39,181.5000856,84,0,47.7,0,85,5.27,84,0.1,15646.5591,5215.47289146027,4,3.9,0.766,14.8
79,175,1,10.68,0,94,11,51.5,1,92,11.87,92,0.1,84.4496813206631,6.00012219215671,2.7,2.9,7.77419324383394,8.96919331731471
55.3,388,68,1.76,52.60385429,8,1847,16.9,104,77,4.24,8,10.3,697.66385,37525,8.5,8.4,0.483,9.7
64.4,294,7,0.01,0,47,594,56.2,8,52,3.25,43,0.1,106.596334285173,19239,6.3,6.1,0.575,9
72.7,112,1,2.26,404.3879434,83,5,57.9,1,83,1.86,83,0.1,5334.93329,3235366,4.9,4.8,0,14.9
52.6,487,32,2.08,10.85148218,8,535,19.2,51,77,4.37,8,13.6,114.587985,12725974,6.9,6.8,0.492,11.1
66,196,20,0.26,11.8385319,92,17,23.2,28,89,4.51,92,0.3,148.912351,141232,9.9,9.7,0.474,8.7
82,68,1,9.53,9689.732784,92.4481336164996,10,57.3,1,97,9.36,97,0.1,51241.31562,16381696,1,1,0.899,16.6
66.1,218,0,7.49,466.6693698,98,0,41.6,1,97,7.32,98,0.3,2716.35256,745693,5.6,5.4,0.618,10.5
52.6,46,3,4.9,47.6164523,88,26,29.3,4,89,8.46,88,33.7,332.517125,118675,5.8,5.9,0.519,10.8
74,122,1,0.61,70.46762486,99,18,48.9,1,99,2.98,99,0.1,1129.28886,382.759741837039,7.1,6.8,0.734,11.5
71,135,104,0.01,52.82986467,96,237,17,130,96,2.88,96,0.1,951.8894535,157571292,18.3,18.8,0.565,10
65.3,237,1,7.93,16.47949015,9,0,37.8,1,91,5.97,9,2.1,986.7958173,751857,5.8,5.6,0.611,11.1
62.8,289,2,8.9,133.5223672,75,2,34.1,3,75,3.12,75,6,1716.2258,169711,6.4,6.3,0.664,12.5
79.4,78,0,6.04,880.7380617,88.1764322378597,8,55.3,0,92,9.85,92,0.1,5111.65445,4564855,0.8,0.7,0.918,17.1
75,144,2,9.5,79.41502672,98,13,55.5,3,99,6.2,99,0.1,821.251569,38165445,2.3,2.5,0.797,14.8
76.6,83,0,1.28,448.5952989,96,144,65,0,95,2.58,96,0.1,6256.55926,2133.5024245398,4.9,4.5,0.835,13.7
73.6,156,4,3.1,302.1057507,97,0,46.8,5,97,8.45,97,0.4,1932.85829,8194778,2.3,2.2,0.606,11.5
77,144,32,0.17,285.119726,77,15,56.5,39,8,3.32,79,0.1,5854.614497,3172753,5.3,5.1,0.649,10.4
65.7,222,12,2.86,0,85,0,46,16,84,5.67,85,0.2,97.103105939904,7.99980449254927,1.3,1.2,0.622,14.4
51.5,491,36,1.16,7.915071248,93,21,17.3,56,93,1.18,93,14.9,42.7379657,1471462,6.9,6.8,0.415,9.9
73.5,132,1,4.23,224.3212014,94,2,51.2,1,96,4.56,94,0.1,3218.381655,2877311,2,2.1,0.72,12.3
75.7,125,1,5.52,78.80940216,98,0,47.8,2,99,8.3,99,0.2,4126.14671,3149265,2.3,2.2,0.725,12.6
78.9,89,0,12.27,5068.214488,77,26,6.2,1,97,9.24,97,0.1,36967.28292,1478617,0.8,0.8,0.861,15.7
60,249,25,3.26255150978006,0,82,55,25.7,39,78,6.85023344003807,82,1,783.94791,1575952,6.9,6.8,0.481,10.7
51.2,434,78,1.2,58.59644487,75,183,18.9,113,73,6.51,78,16.3,385.7567141,21547463,3.8,3.7,0.353,7.9
65.4,226,36,0.04,0,73,400,39.6,46,67,5.78,73,0.1,94.5735731902935,223.004325602347,13.7,13.5,0.498,9
75.4,16,0,5.16,8.240355867,94,166,51.5,0,95,8.37,95,0.1,418.292176,3774,2.8,2.8,0.703,12.9
68.1,187,138,0.08,190.5453646,83,18869,22.9,167,82,2.74,81,0.3,3113.48635,242524123,1.6,1.5,0.656,12.1
76.5,19,0,13.03,0,98,7,61.8,0,98,6.69,98,0.1,37.0010801573389,3.5000855345097,2,2.1,6.85900294294598,7.4930123281616
66.6,16,9,0.65,35.09462644,72.8223901805058,210,42.1,11,75,4.67,76,0.1,655.974326,8486,3.2,3.1,0.636,10.1
79.2,85,3,11.67,6012.92584,9,778,57.6,3,95,1.52,96,0.1,34696.6292,82469422,1.1,1.1,0.884,16.4
76.8,88,0,0.25,1873.686852,96,2,35.2,0,99,2.85,99,0.1,27965.4754,9322.40815724315,6,5.5,0.841,14.1
53.1,381,27,0,0,53.1,0,25.1514702403595,43,53.1,0,53.1,4.2,176.256555211249,88568,0,0,0,0
64.9,23,9,0.01,0,87,71,2.1,12,86,2,87,0.3,34.7877819930058,41.5007209337246,9,9.1,0.563,10.4
71.9,138,2,0.01,472.3047034,97,292,56,3,98,2.71,98,0.1,8171.361651,2822.09890024441,5.5,5.4,0.748,15.7
62.8,19,385,0.02,18.84534312,63.2180868646219,2064,16.4,495,65,2.79,62,0.1,533.8624114,138523285,22.2,22.6,0.445,5.3
64.7,218,35,0.21,31.93187316,27,12074,13.4,47,8,5.82,8,0.2,287.4156,2539449,17.8,18.4,0.463,9.3
61.2,219,8,0.02,7.35400072,74,11,25.5,12,75,3.54,75,1.3,113.3128,3312665,9.4,9.1,0.475,7.4
73.4,97,8,0.09,117.9227998,98,82,63.1,10,98,4.9,98,0.1,1694.2931,595.426688793758,7.3,7.3,0.787,13
79.3,74,1,2.47,1701.195787,98,2,59.2,1,91,7.49,9,0.1,18431.15696,657,1.1,1.1,0.855,15.3
81.3,66,1,10.56,872.5986092,94,11,62.5,2,92,8.53,92,0.1,4991.98289,28276,0.7,0.6,0.918,19
71.2,17,4,6.66,233.8488603,57.5899010248618,0,39.8,5,9,7.61,89,0.1,1417.26582,546624,2.5,2.4,0.624,11.8
79,172,4,6.78,273.5758769,83.8757956876998,0,39.1,5,86,8.1,86,0.1,1545.626423,5327,2.5,2.4,0.625,11.6
62,214,8,0.01,8.353074798,64,1292,27.4,12,52,3.28,64,1.2,123.383675,369543,8.7,8.5,0.484,7.6
68.7,22,9,3.95,0,91,0,49.3,12,9,5.44,91,0.2,35.7363997656857,5.99985336941195,1.2,1.1,0.643,13.8
71.9,199,0,11.64,132.7233922,87.6186904141434,0,54.9,0,95,4.92,94,0.1,7174.237415,13772,2.2,2.3,0.798,15.6
74.4,14,0,10.58,0,99,0,54.2,0,99,7.76,99,0.1,35.7357119004692,0,1.3,1.4,0.802,14.5
71.1,144,0,4.16,209.0865,66,0,23.2,0,93,5,92,0.9,1768.92132,46147,8.9,8.9,0.572,11.3
73,167,1,3.76,211.1143318,91.1100982685993,0,43.5,1,99,4.86,99,2.3,3596.496282,2695446,2,1.8,0.69,11.7
72.8,18,0,9.8,1109.969508,91,0,58.9,0,92,6.55,92,0.1,11326.21947,297555,2.2,2.3,0.815,16
73.3,94,0,0.01,1209.680547,99,0,65,1,99,3.56,99,0.1,17789.41981,5930.08671085427,3.2,3,0.785,13.9
87,72,3,10.32,0,92.5723379287998,1919,65.4,4,95,9.34,95,0.1,52.8173665282657,961.52339979801,0.8,0.5,6.79731521588011,7.18985354632563
63.3,219,1700,1.1,17.81205644,59.9797614774361,40044,12.2,2300,58,4.4,59,0.3,466.2842,18987112,27.4,28.4,0.499,8.4
75.8,134,0,1.16593152461311,0,91.9597799935194,0,64.8,0,99,1.6,99,0.1,12365.6263,984328,1.6,1.6,0.834,15.6
75,134,29,3.86,0,94,6582,13.4,35,97,6.4,96,0.1,72.7454763561666,3308.579999205,14.6,15.5,0.641,11.7
77.5,111,28,8.48,0,92,37,63.1,33,92,15.14,96,0.1,65.4701032822901,35.0000488768627,0.7,0.6,8.10012546618098,8.88059448376741
72.8,17,10,0.05,710.4952397,95,155,56.9,12,97,4.49,97,0.1,8643.4944,2936.80702333063,7.3,7.3,0.742,12
68.1,227,1,0.01,241.1958645,98,0,5.4,1,98,4.21,98,0.1,4385.379355,286917,2.2,2.3,0.72,14.7
75.2,19,1,0.57,123.0966298,99,18,51.1,1,97,2.1,99,0.1,2275.3536,764.777893248263,6.9,6.8,0.765,11.9
75.2,91,215,5.63,91.26749779,99,9943,29,251,99,5.3,99,0.1,5633.79616,134413,4.1,3.5,0.7,12.8
73.3,98,9,0.09,15.50666857,98,158,62.4,10,98,2.87,98,0.1,237.83234,135.278192093642,7.2,7.3,0.779,12.8
58.4,259,25,1.16,71.01399249,79,1461,22.5,39,8,4.46,79,1.6,793.45243,894476,7.9,7.8,0.448,9.3
76.6,84,0,1.18,4582.476081,97,74,65.1,0,98,3.1,97,0.1,51488.49529,17187.3451095588,4.8,4.5,0.83,13.7
74.4,167,0,10.75,0,93,0,59.4,0,95,7.8,95,0.1,82.8678205290598,0,2.5,2.5,0.79,12.5
62.8,26,16,7.92,63.78723633,97,121,18.3,23,93,7.91,97,2.3,563.491487,1246842,6.5,6.3,0.454,10
59.3,273,23,1.43,30.91060554,55.6083261221701,1361,12.8,29,54,5.95,54,2.1,339.676984,12634729,11.6,11.8,0.427,8.2
73,24,3,2.97,29.68529375,81,0,47,4,81,7.9,81,0.4,248.4125,59433,2,1.9,0.621,11.8
52.1,341,229,1.85,0,31.2251202821354,30466,15.7,331,4,2.59,38,2.4,119.882228074969,15398.8682260642,12.1,11.9,2.27057307121458,4.95061577258872
72.3,178,7,6.2,352.9551269,84,0,49.3,8,88,4.34,89,1.8,3836.468771,9371338,3.5,3.4,0.677,12.6
72.7,171,1,3.89,160.2382416,91.0190609409293,0,42.5,1,99,5.34,99,2.2,3394.878,267711,2,1.8,0.68,10.9
73.3,181,2,2.52,665.7260253,93,0,55.4,2,93,6.77,94,0.2,3988.771871,6281189,1.6,1.6,0.676,13.2
49.8,443,16,1.66,58.52947463,47,679,2.7,24,47,3.73,47,5.8,494.336779,4476153,8.8,8.8,0.361,6.8
67.7,254,1,10.74,14.06141699,93,45,54.9,1,99,6.62,99,0.1,1244.373185,9928549,2.6,2.7,0.681,13.3
46.3,56,17,1.54,46.90117916,48.273320989834,3,18.6,26,47,3.99,51,10,347.673678,421758,9.6,9.6,0.323,6
79.5,79,2,7.7,3895.856308,85.4206090493498,6,59.3,2,88,9.37,88,0.1,24167.8431,31362,0.5,0.4,0.872,15.8
78.1,16,1,3.58,2377.010299,89,0,55.5,1,93,9.66,88,0.1,8199.414621,454528,1.8,1.8,0.749,13.3
74.5,156,0,10.78,19.22023996,91.5652849069493,0,61.7,1,99,7.85,99,0.1,1325.53379,123,1.8,1.8,0.817,15.3
74.8,129,10,8.16,1105.659031,85,0,58,12,92,6.49,91,0.1,7193.61764,3997224,1.1,0.9,0.788,16.3
96.3180229358122,96.3307639020753,0,8.54,0,97,0,5.2,0,96,6.14,96,0.1,44.404612432005,0,3.7,3.6,0.749,13.4
62,266,9,3.72,60.44658161,77,279,25,12,77,11.23,77,1.5,379.689583,47167,7.2,7,0.406,9.5
72.6,171,1,3.46,24.82762854,87.4596754901074,0,41.6,1,95,5.81,93,2.2,336.8742,2656864,2,1.9,0.682,11.4
74.3,93,0,1.47,620.9518909,98,1395,18,0,98,9.52,98,0.1,3488.493769,321,14.4,14.5,0.625,12.1
68.7,26,0,1.95,81.04656111,99,0,57.3,0,99,3.68,99,0.1,4177.657789,84334,4,3.7,0.7,14.3
56.9,283,44,4.55,81.14304705,92,54118,16.1,77,91,7.41,92,1.1,552.7455521,1514199,9.3,8.8,0.356,5.9
55.6,371,51,6.19,83.18071241,82,504,26.6,79,8,3.96,82,4.9,1295.649726,252447,6,6,0.486,10
73.8,137,30,2.03,0,80.1626677484975,6755,1,39,92,4.7,75,0.2,67.0535117706305,3397.08206425245,15.6,16.3,0.584,10.7
55.6,317,31,0.16,10.3839337,55.2747315942041,4,19,49,53,3.2,57,2.6,296.68382,9881428,9.1,9.1,0.356,7.1
68.6,29,0,2.09,5.889526221,99,0,56.6,0,99,3.74,99,0.1,478.82327,834812,4.1,3.8,0.698,14.2
55.9,369,50,0.01,68.55839112,85,609,27.2,76,85,4.34,85,4.6,1255.648189,2182383,5.9,5.9,0.496,10.4
69.4,195,0,0.01,431.4854874,99,0,6.2,0,99,4.16,99,0.1,4546.73854,873596,4,3.7,0.714,14.9
73.1,13,391,2.96,122.9365349,75,71879,22.6,467,87,4.82,86,0.1,1288.642924,12884,5.3,4.7,0.61,9.9
74.9,148,8,3.75485022761938,0,99,154,33.6,9,99,7.7,99,0.1,5814.863134,686576,7.7,7.7,0.738,13.6
79.7,74,0,6.17,5809.12199,92.4467230121295,0,54.2,0,98,9.28,98,0.1,31813.37344,28125,1,0.9,0.847,16.8
86,92,3,12.4,5689.991931,39,40,58,4,99,1.53,99,0.1,36544.5853,63621376,0.6,0.6,0.87,16.1
73.4,136,0,0.01,36.48024032,73.4,0,53.5,0,73.4,8.33,73.4,0.1,216.243274,69828,2.5,2.5,0,0
61.8,246,2,0.15,47.30421873,74,0,21.6,2,82,5.82,74,0.1,769.1742883,689692,7.1,6.9,0.476,10.5
57.2,328,196,1.22,22.18952246,53.6251164155219,1451,14.2,304,59,4.47,46,3.3,193.794956,7885689,11.4,11.1,0.346,6.6
74.9,98,1,2.55569023149402,0,81,39,66.1,1,75,4.9,81,0.1,846.632851,5851479,4.9,4.9,0.763,13.3
57.3,297,29,0.18,24.84763562,57,264,2.3,46,6,3.85,57,2.3,436.6895539,1556524,8.4,8.4,0.376,8.1
68.8,219,1,8.25,0,98,0,5.4,1,97,12.8,9,0.1,72.1203157535373,0.499987780784329,2.8,3,7.2327949114515,8.56101752300914
74.6,128,3,0.53,110.6779711,96,195,38.5,4,97,4.2,97,0.1,1882.27842,2976724,7.8,7.6,0.779,12.9
76.8,117,0,5.82,482.8039445,94,0,62.9,0,94,8.68,94,0.1,16881.2568,3485,1.5,1.4,0.788,15.5
83,78,0,10.08,664.4738975,98,109,62.6,1,99,1.54,99,0.1,4474.5717,11128246,0.9,0.9,0.886,16.2
81.6,61,0,6.06,177.6382878,89.5405815485397,3,6.8,0,93,9.72,93,0.1,975.49856,5137232,0.8,0.7,0.945,17.7
73,155,3,5.39,30.93519548,85,0,45.6,3,81,9.14,85,0.1,2599.596259,6127837,2.1,2,0.663,12.1
81.5,68,2,8.2,971.9280384,7,803,64.7,2,87,1.82,87,0.1,5282.2176,3434278,0.5,0.5,0.903,15.9
48.6,438,33,5.72,0.388253772,68.0566927614053,896,13.7,54,76,4.38,77,8.1,21.569654,832946,7.4,7.5,0.332,7.1
68.2,261,15,11.21,137.0063357,98,101,57,18,98,7.44,98,0.3,8562.89598,142785342,2.3,2.5,0.776,14
72.5,184,1,13.24,1030.220271,90.9583693891493,0,57.6,1,99,8.42,99,0.1,8396.25323,1129552,2.1,2.1,0.784,14.9
73.4,132,20,0.36,270.2401962,8,944,49.8,23,95,3.36,95,0.1,3464.6179,33777915,6.1,6,0.686,12.3
68.3,179,11,0.01,12.17952064,88,0,18.9,12,87,5.68,88,0.2,198.687123,152779,1.9,11,0.553,10.9
68.7,181,124,0.09,22.8478308,85,8419,25.6,148,86,2.93,85,0.3,362.663981,25232263,1.5,1.3,0.677,12.9
74.9,97,1,1.29,14.55610463,81,1761,64.9,1,75,6.63,81,0.1,846.285153,527612,4.8,4.8,0.766,13.3
64.3,235,30,0.87,59.97914461,7,2,19,42,71,3.46,7,0.4,443.9611,22346573,7.4,7.3,0.506,10.2
77.5,74,0,1.16,4409.17067,93,101,66.5,0,92,1.93,93,0.1,85948.746,28682.9925146267,5.1,4.6,0.827,12.4
55,359,27,0,0,55,0,26.0514286858714,41,55,0,55,4,1562.239346,167192,0,0,0,0
72,13,0,0.988864536815955,0,64,39,53.3,0,65,1.45023344003807,64,0.1,285.83414,26463,1.5,1.4,0.598,10.8
78.7,8,1,9.56,4472.6114,92.1432652532295,4,54.2,1,98,8.46,98,0.1,35245.1647,1622532,1.1,1,0.881,16.5
88,7,0,12.26,7878.372355,92,36,56.1,0,92,11.17,92,0.1,48333.57273,8429991,1.8,2,0.884,15.7
56.3,295,237,2.09,0,65,12461,18.2,324,64,4.46,65,1.8,113.869815729704,6392.6483046206,1.8,1.7,2.79597222061899,2.90784025378504
74.2,138,4,1.97,97.76637062,99,3,16.6,5,99,4.6,99,0.1,1259.87591,19373,15.4,15.5,0.712,12.9
73,142,6,0.01,0,93,3,32.4,8,99,2.98545412505639,93,0.1,74.3273371477698,5.49993890392165,4.9,4.9,0.0523580144138954,2.25644091306867
61.5,38,68,0.01,14.16770158,78,314,18.1,97,82,7.22,78,3.2,719.172669,38833338,5.7,5.6,0.483,10
83,52,0,9.73,19099.04506,92.0550491342997,175,56.6,0,96,11.71,96,0.1,84658.88768,889346,0.4,0.3,0.934,15.8
69.4,189,0,6.66,582.8027185,98,0,48.5,0,98,5.45,98,0.1,4673.63848,33671,3.5,3.4,0.702,12.5
81.5,83,3,11.5,751.3793553,78,0,61.1,3,99,11.44,99,0.1,4838.2444,6565979,0.6,0.6,0.885,16.1
54.3,314,233,1.43,0,20.6570097548713,182485,16.9,329,6,3.14,6,2,101.222065998499,91409.2258034497,11.5,11.3,2.18285036476791,4.85964300083316
63,26,8,0.01,80.92679802,84,14,3.1,12,84,3.77,84,0.9,1326.66882,46392,8,7.7,0.509,8.5
47.1,568,3,6.72,143.6197316,86,49,26.3,4,87,5.11,84,48.8,1437.634951,172927,9,9.2,0.506,9.3
59.4,338,8,2.58,0,73,2,23.3,11,77,2.9,79,4.3,131.898884366052,6.49989002705896,8.4,8,0.527,10
68,282,18,6.39,0.661540371,97,6,17.1,28,97,7.66,97,3.7,5.6687264,978169,6.7,6.6,0.438,10.4
81.2,66,0,10.75,746.3670453,95,33,62.1,0,96,7.78,96,0.1,5553.32623,4617225,0.3,0.2,0.91,18.6
81.1,76,0,0.896033316804558,0,92.1750216334896,2,62.1,0,97,0.850233440038075,97,0.1,4245.39744,5479531,0.9,0.8,0.893,17
67.5,257,6,4.49,7.883791474,4,817,54.8,8,99,5.59,99,0.7,635.789635,49175848,3,3.1,0.669,13.3
57.4,39,42,1.49,25.55981288,73.0955261794274,13476,2.1,64,81,3.56,79,3.5,273.6596668,1942165,9,9,0.485,8
73.2,156,0,1.92466010238177,0,98,0,54.1,0,97,3.45023344003807,98,0.1,80.3369980321684,0,3.5,3.4,0.72,13.3
65.9,221,0,7.52,48.02859441,95,0,42.4,1,95,6.6,95,0.4,326.281212,746556,5.6,5.3,0.618,10.2
73.8,158,9,6.74,0,78,0,59.9,10,78,5.24,78,0.1,74.6449474634802,4.99987780784329,1.6,1.5,0.756,14.1
55,355,45,0.01,0,40.9764982391365,3965,17.8,74,37,4.84145201289815,33,0.8,122.729543106594,2019.54754496818,8,7.9,0.381809237633082,3.63462552231325
54.2,382,56,5.9,68.7073044,84,495,24.9,87,82,5.18,84,6.7,1233.524316,18978,6.4,6.5,0.466,8.8
56,371,13,4.27,10.424369,48.0600645313081,131,2.7,19,51,5.43,39,3.1,177.285187,362863,8.8,8.9,0.376,10.4
74.2,162,0,11.46,1281.155944,91.4742475792793,1,61.1,1,99,7.55,99,0.1,12967.16543,12265,1.8,1.8,0.816,15.3
66.7,189,177,0.05,43.17867291,63,14492,16.7,222,8,2.27,7,0.1,899.5556857,2175859,11,11.1,0.608,10.6
50,42,13,4.21,9.758449266,44.103362785176,142,21.1,18,49,3.44,35,3.2,133.494518,3116233,8.7,8.7,0.373,10.3
47.1,386,94,3.53,8.8667775,17.0790294085912,29,17.2,152,4,4.71,4,2.5,141.86844,18865716,1.2,1.1,0.415,6.4
69.5,184,0,6.85,549.8096097,97,0,46.3,0,98,5.81,97,0.3,4258.788611,313929,3.5,3.4,0.7,12.7
72.4,127,4,0.55,27.44252286,95,28,57.8,4,95,8.88,95,0.1,223.83787,5714111,3.9,3.8,0.73,13.8
68.8,184,18,0.01,16.71406295,99,0,42.2,21,99,6.49,99,0.1,174.468298,297745,3,3.1,0.673,12
72.2,121,5,2.14,275.6514934,93,164,5.6,6,96,5.54,93,0.1,7875.756953,941681,2.8,2.8,0.745,11.9
54.8,321,88,0.01,10.42496,62,6532,12.2,122,24,8.2,24,0.1,114.56,293756,2.3,2.5,0.338,5.5
82.5,59,0,1.89,6041.858981,97,42,32.4,0,97,4.22,97,0.1,54431.16199,18157.5582310116,2.2,2.1,0.917,15.4
79.9,72,2,9.3,3519.258515,95,10982,57,3,97,8.17,96,0.1,27387.2258,5731323,0.5,0.5,0.841,15.4
46.2,633,4,2.69,9.18432717,9,2,28.3,6,87,8.47,88,30,918.432717,1982287,8.4,8.3,0.44,10.6
84,68,1,2.23,33.58620657,96,9,61.1,1,94,7.38,95,0.1,2195.1769,7537,1.1,1.1,0.87,15.7
76,1,0,0.85,2048.557422,97,0,33.2,0,95,2.32,99,0.1,32672.36717,10890.6913134001,6.2,5.7,0.84,14.3
41,519,30,4.21,33.34691455,38.9103732767001,649,17.5,48,38,11.83,38,1.5,227.779471,4739147,1.1,1.2,0.302,7
64.1,222,0,0.46,11.07543331,9,0,67.9,0,9,8.12,9,0.1,796.7937634,8446,0.2,0.2,0,10
75.4,123,1,9.09,8.617208431,92,37,59.4,1,93,1.37,93,0.1,62.173221,713576,2.1,2.1,0.771,14.3
77.7,78,0,2.95958858097778,0,99,4,41.2,0,99,5.40140064022845,99,0.1,3967.8951,1323.95320147187,5.7,5.1,0.864,14.9
77.6,65,0,0.01,1259.940376,99,0,24.1,0,99,9.16,99,0.1,6541.7465,385,13.8,13.9,0.675,12.1
63,242,39,0.04,0,78,8079,34.5,51,78,4.82,78,0.1,101.215875211551,4065.09809586341,13.9,13.8,0.475,8.7
75.2,139,1,3.58,33.17529686,92,1,51.2,1,93,5.21,92,0.6,513.549487,2829493,1.8,1.7,0.722,12.8
77.6,119,1,6.74,1842.463782,8,0,57.1,1,8,8.3,8,0.1,12593.7374,393986,1.9,1.8,0.78,13
74.5,148,49,7.55,843.1946259,96,2,53.6,54,96,8.26,95,0.1,12291.46685,256983,2.8,2.8,0.73,14.2
51.7,419,60,3.13,0,62,628,25.6,83,58,6.42,62,3.3,152.144862459119,355.506659472541,6.1,6,4.28892436960304,5.21955156205709
73.5,134,0,0.01,495.0782963,73.5,0,54.2,0,73.5,8.91,73.5,0.1,2789.1735,612267,2.4,2.4,0,0
63.4,225,0,6.54,86.42744056,43,0,22.2,0,94,11.12,94,1.6,649.342153,148372,7.4,7.4,0.504,9.7
71.2,179,0,6.02,1122.972967,86,0,57,0,86,5.96,86,0.4,9484.56898,54254,3.5,3.5,0.719,12.7
72.5,162,0,7,0,99,0,49.3,0,99,4.71,99,0.1,82.5511560280222,0,3.5,3.5,0.711,13.3
81.4,55,0,8.49,409.6000248,9,0,69.2,0,99,9.75,99,0.1,2618.92599,427364,0.8,0.8,0.847,14.3
52.5,383,28,0,0,52.5,0,24.8672728365136,43,52.5,0,52.5,4.1,177.181786472201,8468152,0,0,0,0
81.7,66,1,10.62,7172.275229,94,104,63.4,1,92,9.5,92,0.1,42742.99898,216917,0.7,0.6,0.925,19.1
78,93,0,12.71,0,99,22,64.5,0,99,7.55,99,0.1,60.7250368063928,11.0002688227448,1.8,1.9,7.0356003156605,7.66808895950134
68.5,224,7,6.63,179.170133,99,127,49.9,7,99,4.6,99,0.1,11634.42422,165566,2.3,2.5,0.766,14.4
87,76,0,10.46,31.13492794,92.5723379287998,52,59.5,0,95,9.23,95,0.1,242.67286,26198,1.4,1.4,0.888,17.6
78.8,91,1,12.05,5160.508378,64,61,59.8,1,96,9.32,95,0.1,35589.71295,1421137,0.8,0.8,0.88,18.8
74.7,142,1,3.33,235.7067417,9,0,49.7,1,9,5.16,9,0.6,4293.383274,28482,1.9,1.7,0.721,12.7
